tid,mynt,candle,score,beslutning,bekreftet,fg,funding,pris,handling
2026-09-19T20:26:57Z,BTC-USDT,2026-09-19T16:00:00Z,0.22197428852275083,AVVENT,False,71,2.4e-05,81333.6,
2026-09-19T20:26:58Z,ETH-USDT,2026-09-19T16:00:00Z,0.45216756891980986,KJØP,False,71,2e-06,2638.02,
2026-09-19T20:26:58Z,ZEC-USDT,2026-09-19T16:00:00Z,0.39083381101914844,KJØP,False,71,0.0001,1471.395,
2026-09-19T20:26:58Z,XMR-USDT,2026-09-19T16:00:00Z,0.4832276919852446,KJØP,False,71,0.000727,551.26,
2026-09-19T20:26:59Z,XRP-USDT,2026-09-19T16:00:00Z,0.30597837273608997,KJØP,False,71,0.0001,1.42945,
2026-09-19T20:26:59Z,AVAX-USDT,2026-09-19T16:00:00Z,0.4393355906772504,KJØP,False,71,0.0001,9.748,
2026-09-19T20:27:00Z,NEAR-USDT,2026-09-19T16:00:00Z,0.5372581384262151,KJØP,False,71,0.0001,3.5612,
2026-09-19T20:27:00Z,TAO-USDT,2026-09-19T16:00:00Z,0.5416730595499286,KJØP,False,71,5e-05,263.56,
2026-09-19T20:27:01Z,DOT-USDT,2026-09-19T16:00:00Z,0.522067528978455,KJØP,False,71,0.0001,1.129,
2026-09-19T20:27:01Z,SUI-USDT,2026-09-19T16:00:00Z,0.30845470126328167,KJØP,False,71,0.0001,0.8754,
2026-09-19T20:27:01Z,UNI-USDT,2026-09-19T16:00:00Z,0.5767911864404416,KJØP,False,71,0.0001,8.6532,
2026-09-19T20:27:02Z,SOL-USDT,2026-09-19T16:00:00Z,0.5431630113554023,KJØP,False,71,0.0001,111.08,
2026-09-19T20:27:02Z,AAVE-USDT,2026-09-19T16:00:00Z,0.49888094974614855,KJØP,False,71,0.0001,142.274,
2026-09-19T20:27:03Z,DOGE-USDT,2026-09-19T16:00:00Z,0.19411218701866664,AVVENT,False,71,0.0001,0.08903,
2026-09-19T20:27:03Z,ARB-USDT,2026-09-19T16:00:00Z,0.47084912226514203,KJØP,False,71,0.0001,0.2072,
2026-09-19T20:27:03Z,LINK-USDT,2026-09-19T16:00:00Z,0.4395838542783021,KJØP,False,71,0.0001,12.5256,
2026-09-19T20:27:04Z,SEI-USDT,2026-09-19T16:00:00Z,0.26689410705623395,AVVENT,False,71,0.0001,0.05041,
2026-09-19T20:27:04Z,ENA-USDT,2026-09-19T16:00:00Z,0.4025960618769373,KJØP,False,71,5e-05,0.2078,
2026-09-19T20:27:05Z,LTC-USDT,2026-09-19T16:00:00Z,0.6125704182489317,KJØP,False,71,0.0001,57.91,
2026-09-19T20:27:05Z,WIF-USDT,2026-09-19T16:00:00Z,0.43025969860936586,KJØP,False,71,5e-05,0.213,
2026-09-19T20:27:06Z,PEPE-USDT,2026-09-19T16:00:00Z,0.2733408638351483,AVVENT,False,71,0.0001,4.235e-06,
2026-09-19T20:27:06Z,BNB-USDT,2026-09-19T16:00:00Z,0.4279139283345771,KJØP,False,71,0.0001,761.99,
2026-09-19T20:27:06Z,AKE-USDT,2026-09-19T16:00:00Z,0.6212074658185284,KJØP,False,71,-0.000664,0.0639746,
2026-09-19T20:27:07Z,TRUMP-USDT,2026-09-19T16:00:00Z,-0.1262599485057928,AVVENT,False,71,5e-05,2.136,
2026-09-19T20:27:07Z,SHIB-USDT,2026-09-19T16:00:00Z,0.34061579832464095,KJØP,False,71,0.0001,5.587e-06,
2026-09-19T20:27:07Z,HYPE-USDT,2026-09-19T16:00:00Z,0.4142757224857122,KJØP,False,71,5e-05,91.895,
2026-09-19T20:27:08Z,KCS-USDT,2026-09-19T16:00:00Z,0.07609560267914364,AVVENT,False,71,0.0001,7.258,
2026-09-19T20:27:08Z,TRX-USDT,2026-09-19T16:00:00Z,0.047115319058376535,AVVENT,False,71,0.0001,0.3393,
2026-09-19T20:27:09Z,INJ-USDT,2026-09-19T16:00:00Z,0.5593523139470594,KJØP,False,71,0.0001,7.848,
2026-09-19T20:27:09Z,ADA-USDT,2026-09-19T16:00:00Z,0.4832690781857735,KJØP,False,71,0.0001,0.2305,
2026-09-19T20:27:09Z,ONDO-USDT,2026-09-19T16:00:00Z,0.4300428976477688,KJØP,False,71,5e-05,0.42393,
2026-09-19T20:27:10Z,XLM-USDT,2026-09-19T16:00:00Z,0.42813446658841986,KJØP,False,71,0.0001,0.1994,
2026-09-19T20:27:10Z,STRK-USDT,2026-09-19T16:00:00Z,0.6995889949988365,KJØP,False,71,5e-05,0.04208,
2026-09-19T20:27:11Z,FIL-USDT,2026-09-19T16:00:00Z,0.6088500446348009,KJØP,False,71,0.0001,1.0178,
2026-09-19T20:27:11Z,B2-USDT,2026-09-19T16:00:00Z,0.4005048438507547,KJØP,False,71,5e-05,0.5304,
2026-09-19T20:27:11Z,AR-USDT,2026-09-19T16:00:00Z,0.5884448434352276,KJØP,False,71,0.0001,4.26,
2026-09-19T20:27:12Z,DASH-USDT,2026-09-19T16:00:00Z,0.3782512128481628,KJØP,False,71,0.0001,58.88,
2026-09-19T20:27:12Z,GRAM-USDT,2026-09-19T16:00:00Z,0.020217732853729437,AVVENT,False,71,5e-05,1.394,
2026-09-19T20:27:13Z,USELESS-USDT,2026-09-19T16:00:00Z,0.346664460553741,KJØP,False,71,5e-05,0.25547,
2026-09-19T20:27:13Z,APT-USDT,2026-09-19T16:00:00Z,0.6044599323742011,KJØP,False,71,0.0001,0.7374,
2026-09-19T20:27:14Z,VVV-USDT,2026-09-19T16:00:00Z,0.5083703817713788,KJØP,False,71,5e-05,26.047,
2026-09-19T20:27:14Z,PUMP-USDT,2026-09-19T16:00:00Z,-0.1965955469869222,AVVENT,False,71,5e-05,0.004175,
2026-09-19T20:27:14Z,BB-USDT,2026-09-19T16:00:00Z,-0.3997250597484282,SELG,False,71,5e-05,0.008621,
2026-09-19T20:27:15Z,FET-USDT,2026-09-19T16:00:00Z,0.49256346265998857,KJØP,False,71,0.0001,0.1782,
2026-09-19T20:27:15Z,SYN-USDT,2026-09-19T16:00:00Z,0.6259770350989505,KJØP,False,71,,0.2431,
2026-09-19T20:27:16Z,BCH-USDT,2026-09-19T16:00:00Z,0.032987035066193486,AVVENT,False,71,0.0001,254.86,
2026-09-19T20:27:16Z,ONE-USDT,2026-09-19T16:00:00Z,0.618,KJØP,False,71,-0.001714,0.00382,
2026-09-19T20:27:16Z,LSK-USDT,2026-09-19T16:00:00Z,0.22020253722530544,AVVENT,False,71,,0.4018,
2026-09-19T20:27:17Z,XTZ-USDT,2026-09-19T16:00:00Z,0.6493450600644105,KJØP,False,71,-0.000306,0.3658,
2026-09-19T20:27:17Z,RENDER-USDT,2026-09-19T16:00:00Z,0.3455902034803139,KJØP,False,71,5e-05,1.573,
2026-09-20T00:29:45Z,BTC-USDT,2026-09-19T20:00:00Z,0.2039351530936632,AVVENT,True,71,3.1e-05,81314.5,
2026-09-20T00:29:45Z,ETH-USDT,2026-09-19T20:00:00Z,0.4173561844707088,KJØP,True,71,3.3e-05,2629.56,kjøp
2026-09-20T00:29:46Z,ZEC-USDT,2026-09-19T20:00:00Z,0.3197823304548991,KJØP,True,71,0.0001,1470.362,kjøp
2026-09-20T00:29:46Z,XMR-USDT,2026-09-19T20:00:00Z,0.5035261277480965,KJØP,True,71,0.0001,547.57,kjøp
2026-09-20T00:29:47Z,XRP-USDT,2026-09-19T20:00:00Z,0.20947234438316606,AVVENT,False,71,0.0001,1.40484,
2026-09-20T00:29:47Z,AVAX-USDT,2026-09-19T20:00:00Z,0.4559314037715753,KJØP,True,71,0.0001,10.499,kjøp
2026-09-20T00:29:47Z,NEAR-USDT,2026-09-19T20:00:00Z,0.38587538975938745,KJØP,True,71,0.0001,3.5713,kjøp
2026-09-20T00:29:48Z,TAO-USDT,2026-09-19T20:00:00Z,0.5463132882971439,KJØP,True,71,5e-05,264.83,kjøp
2026-09-20T00:29:48Z,DOT-USDT,2026-09-19T20:00:00Z,0.48371796958032814,KJØP,True,71,0.0001,1.1209,kjøp
2026-09-20T00:29:48Z,SUI-USDT,2026-09-19T20:00:00Z,0.408769201523603,KJØP,True,71,0.0001,0.8634,kjøp
2026-09-20T00:29:49Z,UNI-USDT,2026-09-19T20:00:00Z,0.4826354146182677,KJØP,True,71,0.0001,8.6483,kjøp
2026-09-20T00:29:49Z,SOL-USDT,2026-09-19T20:00:00Z,0.5033742273466674,KJØP,True,71,0.0001,110.88,kjøp
2026-09-20T00:29:49Z,AAVE-USDT,2026-09-19T20:00:00Z,0.49470840362174234,KJØP,True,71,0.0001,140.825,kjøp
2026-09-20T00:29:50Z,DOGE-USDT,2026-09-19T20:00:00Z,0.14596026127778247,AVVENT,True,71,0.0001,0.08761,
2026-09-20T00:29:50Z,ARB-USDT,2026-09-19T20:00:00Z,0.3822029143567731,KJØP,True,71,0.0001,0.2036,kjøp
2026-09-20T00:29:50Z,LINK-USDT,2026-09-19T20:00:00Z,0.36997451381052504,KJØP,True,71,0.0001,12.4124,kjøp
2026-09-20T00:29:51Z,SEI-USDT,2026-09-19T20:00:00Z,0.25077403127570996,AVVENT,True,71,0.0001,0.04933,
2026-09-20T00:29:51Z,ENA-USDT,2026-09-19T20:00:00Z,0.43309168360727357,KJØP,True,71,5e-05,0.2061,kjøp
2026-09-20T00:29:52Z,LTC-USDT,2026-09-19T20:00:00Z,0.5957484866795212,KJØP,True,71,0.0001,58.15,kjøp
2026-09-20T00:29:52Z,WIF-USDT,2026-09-19T20:00:00Z,0.3466769797593171,KJØP,True,71,5e-05,0.2103,kjøp
2026-09-20T00:29:52Z,PEPE-USDT,2026-09-19T20:00:00Z,0.37409465504010975,KJØP,False,71,0.0001,4.115e-06,
2026-09-20T00:29:53Z,BNB-USDT,2026-09-19T20:00:00Z,0.3996252014220259,KJØP,True,71,9.7e-05,761.977,kjøp
2026-09-20T00:29:53Z,AKE-USDT,2026-09-19T20:00:00Z,0.5591412524619485,KJØP,True,71,5e-05,0.0648137,kjøp
2026-09-20T00:29:54Z,TRUMP-USDT,2026-09-19T20:00:00Z,-0.19511744036232279,AVVENT,True,71,5e-05,2.097,
2026-09-20T00:29:54Z,SHIB-USDT,2026-09-19T20:00:00Z,0.251935800886025,AVVENT,False,71,0.0001,5.523e-06,
2026-09-20T00:29:54Z,HYPE-USDT,2026-09-19T20:00:00Z,0.37270574681356694,KJØP,True,71,5e-05,92.188,kjøp
2026-09-20T00:29:55Z,KCS-USDT,2026-09-19T20:00:00Z,0.1264029961078001,AVVENT,True,71,-0.000795,7.218,
2026-09-20T00:29:55Z,TRX-USDT,2026-09-19T20:00:00Z,0.06270402673389464,AVVENT,True,71,7.2e-05,0.3401,
2026-09-20T00:29:55Z,INJ-USDT,2026-09-19T20:00:00Z,0.5649009286849679,KJØP,True,71,0.0001,7.949,kjøp
2026-09-20T00:29:56Z,ADA-USDT,2026-09-19T20:00:00Z,0.42670891217102586,KJØP,True,71,0.0001,0.2287,kjøp
2026-09-20T00:29:56Z,ONDO-USDT,2026-09-19T20:00:00Z,0.4921591953934268,KJØP,True,71,5e-05,0.42235,kjøp
2026-09-20T00:29:56Z,XLM-USDT,2026-09-19T20:00:00Z,0.3416914101756639,KJØP,True,71,0.0001,0.1958,kjøp
2026-09-20T00:29:57Z,STRK-USDT,2026-09-19T20:00:00Z,0.6440433446643885,KJØP,True,71,5e-05,0.04583,kjøp
2026-09-20T00:29:57Z,FIL-USDT,2026-09-19T20:00:00Z,0.6634187866512458,KJØP,True,71,0.0001,0.9557,kjøp
2026-09-20T00:29:57Z,B2-USDT,2026-09-19T20:00:00Z,0.41787232771102156,KJØP,True,71,5e-05,0.5423,kjøp
2026-09-20T00:29:58Z,AR-USDT,2026-09-19T20:00:00Z,0.5763643188319759,KJØP,True,71,0.0001,4.525,kjøp
2026-09-20T00:29:58Z,DASH-USDT,2026-09-19T20:00:00Z,0.33562346914230473,KJØP,True,71,0.0001,58.47,kjøp
2026-09-20T00:29:59Z,GRAM-USDT,2026-09-19T20:00:00Z,-0.007352567755608794,AVVENT,True,71,-0.000107,1.384,
2026-09-20T00:29:59Z,USELESS-USDT,2026-09-19T20:00:00Z,0.2490715412194732,AVVENT,False,71,5e-05,0.25771,
2026-09-20T00:29:59Z,APT-USDT,2026-09-19T20:00:00Z,0.6028937037556537,KJØP,True,71,0.0001,0.7324,kjøp
2026-09-20T00:30:00Z,VVV-USDT,2026-09-19T20:00:00Z,0.3842139424849933,KJØP,True,71,5e-05,25.876,kjøp
2026-09-20T00:30:00Z,PUMP-USDT,2026-09-19T20:00:00Z,-0.14208236947864222,AVVENT,True,71,5e-05,0.004229,
2026-09-20T00:30:00Z,BB-USDT,2026-09-19T20:00:00Z,-0.4115713387789778,SELG,True,71,5e-05,0.008615,
2026-09-20T00:30:01Z,FET-USDT,2026-09-19T20:00:00Z,0.42425083908417716,KJØP,True,71,0.0001,0.1769,
2026-09-20T00:30:01Z,SYN-USDT,2026-09-19T20:00:00Z,0.5724380905582092,KJØP,True,71,,0.222,
2026-09-20T00:30:02Z,BCH-USDT,2026-09-19T20:00:00Z,0.00927975970506207,AVVENT,True,71,0.0001,254.53,
2026-09-20T00:30:02Z,ONE-USDT,2026-09-19T20:00:00Z,0.6577135183522829,KJØP,True,71,-0.000573,0.003695,
2026-09-20T00:30:02Z,LSK-USDT,2026-09-19T20:00:00Z,0.22099942351812332,AVVENT,True,71,,0.4109,
2026-09-20T00:30:03Z,XTZ-USDT,2026-09-19T20:00:00Z,0.616541887795315,KJØP,True,71,-0.000172,0.367,
2026-09-20T00:30:03Z,RENDER-USDT,2026-09-19T20:00:00Z,0.3135114076978247,KJØP,True,71,5e-05,1.582,
2026-09-20T03:21:59Z,AVAX-USDT,2026-09-19T20:00:00Z,0.4559,KJØP,False,71,0.0001,9.612,stop-loss
2026-09-20T04:22:00Z,BTC-USDT,2026-09-20T00:00:00Z,0.20109025053532123,AVVENT,True,71,5e-05,80361.4,
2026-09-20T04:22:00Z,ETH-USDT,2026-09-20T00:00:00Z,0.3507555612180121,KJØP,True,71,-5e-06,2582.06,
2026-09-20T04:22:01Z,ZEC-USDT,2026-09-20T00:00:00Z,0.2551611838169723,AVVENT,False,71,0.0001,1448.836,
2026-09-20T04:22:01Z,XMR-USDT,2026-09-20T00:00:00Z,0.3278729841219644,KJØP,True,71,0.000188,524.36,trim
2026-09-20T04:22:02Z,XRP-USDT,2026-09-20T00:00:00Z,0.06386359122452792,AVVENT,True,71,0.0001,1.37984,
2026-09-20T04:22:02Z,AVAX-USDT,2026-09-20T00:00:00Z,0.5571639556501653,KJØP,True,71,0.0001,9.593,
2026-09-20T04:22:02Z,NEAR-USDT,2026-09-20T00:00:00Z,0.359038879145409,KJØP,True,71,0.0001,3.4762,
2026-09-20T04:22:03Z,TAO-USDT,2026-09-20T00:00:00Z,0.3956085996701906,KJØP,True,71,5e-05,252.58,trim
2026-09-20T04:22:04Z,DOT-USDT,2026-09-20T00:00:00Z,0.3874590583483836,KJØP,True,71,0.0001,1.0825,
2026-09-20T04:22:04Z,SUI-USDT,2026-09-20T00:00:00Z,0.28890434832934947,AVVENT,False,71,0.0001,0.8237,
2026-09-20T04:22:04Z,UNI-USDT,2026-09-20T00:00:00Z,0.4290092847873002,KJØP,True,71,9.3e-05,8.7367,
2026-09-20T04:22:05Z,SOL-USDT,2026-09-20T00:00:00Z,0.3996871157893737,KJØP,True,71,0.0001,108.74,
2026-09-20T04:22:05Z,AAVE-USDT,2026-09-20T00:00:00Z,0.4479207416511859,KJØP,True,71,0.0001,137.019,
2026-09-20T04:22:06Z,DOGE-USDT,2026-09-20T00:00:00Z,-0.010018546430667116,AVVENT,True,71,0.0001,0.08536,
2026-09-20T04:22:06Z,ARB-USDT,2026-09-20T00:00:00Z,0.4017108061629942,KJØP,True,71,0.0001,0.2132,
2026-09-20T04:22:07Z,LINK-USDT,2026-09-20T00:00:00Z,0.18538420810893408,AVVENT,False,71,0.0001,12.0244,
2026-09-20T04:22:07Z,SEI-USDT,2026-09-20T00:00:00Z,0.15618627350712974,AVVENT,True,71,0.0001,0.04786,
2026-09-20T04:22:08Z,ENA-USDT,2026-09-20T00:00:00Z,0.5251774393424847,KJØP,True,71,5e-05,0.1973,
2026-09-20T04:22:08Z,LTC-USDT,2026-09-20T00:00:00Z,0.5283725957945818,KJØP,True,71,0.0001,56.98,
2026-09-20T04:22:08Z,WIF-USDT,2026-09-20T00:00:00Z,0.07950760919224917,AVVENT,False,71,5e-05,0.2004,
2026-09-20T04:22:09Z,PEPE-USDT,2026-09-20T00:00:00Z,0.4465639066067591,KJØP,True,71,0.0001,4.001e-06,
2026-09-20T04:22:09Z,BNB-USDT,2026-09-20T00:00:00Z,0.27821200475263685,AVVENT,False,71,0.0001,747.31,
2026-09-20T04:22:10Z,AKE-USDT,2026-09-20T00:00:00Z,0.6449541593630155,KJØP,True,71,-0.001553,0.0657253,
2026-09-20T04:22:10Z,TRUMP-USDT,2026-09-20T00:00:00Z,-0.35759800239998546,SELG,False,71,3e-06,2.025,
2026-09-20T04:22:11Z,SHIB-USDT,2026-09-20T00:00:00Z,0.11098631696947117,AVVENT,True,71,0.0001,5.366e-06,
2026-09-20T04:22:11Z,HYPE-USDT,2026-09-20T00:00:00Z,0.40970811963330833,KJØP,True,71,5e-05,90.48,
2026-09-20T04:22:12Z,KCS-USDT,2026-09-20T00:00:00Z,-0.03207961089711209,AVVENT,True,71,0.0001,7.17,
2026-09-20T04:22:12Z,TRX-USDT,2026-09-20T00:00:00Z,0.08072294500011942,AVVENT,True,71,5e-06,0.3397,
2026-09-20T04:22:12Z,INJ-USDT,2026-09-20T00:00:00Z,0.6948048407888827,KJØP,True,71,0.0001,7.59,
2026-09-20T04:22:13Z,ADA-USDT,2026-09-20T00:00:00Z,0.2629411276926118,AVVENT,False,71,0.0001,0.2213,
2026-09-20T04:22:13Z,ONDO-USDT,2026-09-20T00:00:00Z,0.3963909039102188,KJØP,True,71,5e-05,0.40567,
2026-09-20T04:22:14Z,XLM-USDT,2026-09-20T00:00:00Z,0.1877358264546795,AVVENT,False,71,0.0001,0.1905,
2026-09-20T04:22:14Z,STRK-USDT,2026-09-20T00:00:00Z,0.6471444057277043,KJØP,True,71,5e-05,0.04504,
2026-09-20T04:22:15Z,FIL-USDT,2026-09-20T00:00:00Z,0.6601975479285186,KJØP,True,71,0.0001,0.9547,
2026-09-20T04:22:15Z,B2-USDT,2026-09-20T00:00:00Z,0.4528109576181246,KJØP,True,71,5e-05,0.5294,
2026-09-20T04:22:16Z,AR-USDT,2026-09-20T00:00:00Z,0.6375602448922929,KJØP,True,71,0.0001,4.173,
2026-09-20T04:22:16Z,DASH-USDT,2026-09-20T00:00:00Z,0.2654802736378103,AVVENT,False,71,0.0001,56.79,
2026-09-20T04:22:17Z,GRAM-USDT,2026-09-20T00:00:00Z,-0.06673915265832983,AVVENT,True,71,-8.9e-05,1.37,
2026-09-20T04:22:17Z,USELESS-USDT,2026-09-20T00:00:00Z,0.24209924927671875,AVVENT,True,71,5e-05,0.25048,
2026-09-20T04:22:18Z,APT-USDT,2026-09-20T00:00:00Z,0.5432746752544314,KJØP,True,71,0.0001,0.7225,
2026-09-20T04:22:18Z,VVV-USDT,2026-09-20T00:00:00Z,0.3652857371791761,KJØP,True,71,5e-05,26.622,
2026-09-20T04:22:18Z,PUMP-USDT,2026-09-20T00:00:00Z,-0.46286183740158926,SELG,False,71,5e-05,0.003944,
2026-09-20T04:22:19Z,BB-USDT,2026-09-20T00:00:00Z,-0.4687013564392114,SELG,True,71,5e-05,0.008454,
2026-09-20T04:22:19Z,FET-USDT,2026-09-20T00:00:00Z,0.2677493584022191,AVVENT,False,71,0.0001,0.1703,
2026-09-20T04:22:20Z,SYN-USDT,2026-09-20T00:00:00Z,0.5746397977906418,KJØP,True,71,,0.2425,
2026-09-20T04:22:20Z,BCH-USDT,2026-09-20T00:00:00Z,-0.20756650363952794,AVVENT,True,71,0.0001,246.77,
2026-09-20T04:22:20Z,ONE-USDT,2026-09-20T00:00:00Z,0.618,KJØP,True,71,-0.002306,0.0045,
2026-09-20T04:22:21Z,LSK-USDT,2026-09-20T00:00:00Z,0.21602895154120635,AVVENT,True,71,,0.3882,
2026-09-20T04:22:21Z,XTZ-USDT,2026-09-20T00:00:00Z,0.6971341706831128,KJØP,True,71,5e-05,0.3437,
2026-09-20T04:22:22Z,RENDER-USDT,2026-09-20T00:00:00Z,0.15592314141090088,AVVENT,False,71,5e-05,1.532,
2026-09-20T08:22:29Z,BTC-USDT,2026-09-20T04:00:00Z,0.16206587757149823,AVVENT,True,71,3.2e-05,80409.0,
2026-09-20T08:22:29Z,ETH-USDT,2026-09-20T04:00:00Z,0.2934071662258191,AVVENT,False,71,-5.2e-05,2577.45,
2026-09-20T08:22:29Z,ZEC-USDT,2026-09-20T04:00:00Z,0.2505112162645642,AVVENT,True,71,0.0001,1443.502,
2026-09-20T08:22:30Z,XMR-USDT,2026-09-20T04:00:00Z,0.21654511583909405,AVVENT,False,71,0.000191,521.86,
2026-09-20T08:22:30Z,XRP-USDT,2026-09-20T04:00:00Z,0.02466466853535567,AVVENT,True,71,-1.6e-05,1.38054,
2026-09-20T08:22:31Z,AVAX-USDT,2026-09-20T04:00:00Z,0.5748634034428977,KJØP,True,71,6.7e-05,9.63,
2026-09-20T08:22:31Z,NEAR-USDT,2026-09-20T04:00:00Z,0.27544112063392673,AVVENT,False,71,0.0001,3.5303,
2026-09-20T08:22:31Z,TAO-USDT,2026-09-20T04:00:00Z,0.29286465642120063,AVVENT,False,71,5e-05,252.28,
2026-09-20T08:22:32Z,DOT-USDT,2026-09-20T04:00:00Z,0.3319527731397692,KJØP,True,71,0.0001,1.0896,trim
2026-09-20T08:22:32Z,SUI-USDT,2026-09-20T04:00:00Z,0.16220844749988808,AVVENT,True,71,0.0001,0.819,
2026-09-20T08:22:33Z,UNI-USDT,2026-09-20T04:00:00Z,0.39390724741878574,KJØP,True,71,-1e-05,8.7062,
2026-09-20T08:22:33Z,SOL-USDT,2026-09-20T04:00:00Z,0.3273225044899401,KJØP,True,71,0.0001,108.41,trim
2026-09-20T08:22:33Z,AAVE-USDT,2026-09-20T04:00:00Z,0.37650874575154497,KJØP,True,71,6.8e-05,136.384,
2026-09-20T08:22:34Z,DOGE-USDT,2026-09-20T04:00:00Z,-0.11278443345845873,AVVENT,True,71,0.0001,0.08493,
2026-09-20T08:22:34Z,ARB-USDT,2026-09-20T04:00:00Z,0.3320093932294903,KJØP,True,71,0.0001,0.2127,
2026-09-20T08:22:35Z,LINK-USDT,2026-09-20T04:00:00Z,0.082103839252776,AVVENT,True,71,0.0001,11.9924,
2026-09-20T08:22:35Z,SEI-USDT,2026-09-20T04:00:00Z,0.0404365072986013,AVVENT,True,71,0.0001,0.04773,
2026-09-20T08:22:35Z,ENA-USDT,2026-09-20T04:00:00Z,0.5566300635208071,KJØP,True,71,5e-05,0.1981,
2026-09-20T08:22:36Z,LTC-USDT,2026-09-20T04:00:00Z,0.46978357414281086,KJØP,True,71,0.0001,56.88,
2026-09-20T08:22:36Z,WIF-USDT,2026-09-20T04:00:00Z,-0.07850352902738675,AVVENT,True,71,5e-05,0.1985,
2026-09-20T08:22:37Z,PEPE-USDT,2026-09-20T04:00:00Z,0.39872035181259585,KJØP,True,71,0.0001,3.991e-06,
2026-09-20T08:22:37Z,BNB-USDT,2026-09-20T04:00:00Z,0.22966533448378346,AVVENT,True,71,8.7e-05,749.025,
2026-09-20T08:22:37Z,AKE-USDT,2026-09-20T04:00:00Z,0.618,KJØP,True,71,-0.01611,0.0821796,take-profit
2026-09-20T08:22:38Z,TRUMP-USDT,2026-09-20T04:00:00Z,-0.4180209538790689,SELG,True,71,-0.000116,2.014,
2026-09-20T08:22:38Z,SHIB-USDT,2026-09-20T04:00:00Z,0.044185302462361915,AVVENT,True,71,0.0001,5.379e-06,
2026-09-20T08:22:38Z,HYPE-USDT,2026-09-20T04:00:00Z,0.3696891001112198,KJØP,True,71,5e-05,91.033,
2026-09-20T08:22:39Z,KCS-USDT,2026-09-20T04:00:00Z,-0.09524745700973924,AVVENT,True,71,0.0001,7.147,
2026-09-20T08:22:39Z,TRX-USDT,2026-09-20T04:00:00Z,0.09882422823445156,AVVENT,True,71,0.0001,0.3418,
2026-09-20T08:22:40Z,INJ-USDT,2026-09-20T04:00:00Z,0.6976523912192006,KJØP,True,71,0.0001,7.669,
2026-09-20T08:22:40Z,ADA-USDT,2026-09-20T04:00:00Z,0.1406887443064703,AVVENT,True,71,0.0001,0.2201,
2026-09-20T08:22:40Z,ONDO-USDT,2026-09-20T04:00:00Z,0.3427107325648251,KJØP,True,71,5e-05,0.40895,trim
2026-09-20T08:22:41Z,XLM-USDT,2026-09-20T04:00:00Z,0.10704050174468802,AVVENT,True,71,0.0001,0.1904,
2026-09-20T08:22:41Z,STRK-USDT,2026-09-20T04:00:00Z,0.6412735197403876,KJØP,True,71,5e-05,0.0458,
2026-09-20T08:22:42Z,FIL-USDT,2026-09-20T04:00:00Z,0.5827811022423679,KJØP,True,71,0.0001,0.949,
2026-09-20T08:22:42Z,B2-USDT,2026-09-20T04:00:00Z,0.1812471534931447,AVVENT,False,71,5e-05,0.4699,stop-loss
2026-09-20T08:22:42Z,AR-USDT,2026-09-20T04:00:00Z,0.6285307121367396,KJØP,True,71,0.0001,4.259,
2026-09-20T08:22:43Z,DASH-USDT,2026-09-20T04:00:00Z,0.27322843609900305,AVVENT,True,71,-0.000168,56.47,
2026-09-20T08:22:43Z,GRAM-USDT,2026-09-20T04:00:00Z,-0.06738235007882976,AVVENT,True,71,2.5e-05,1.38,
2026-09-20T08:22:43Z,USELESS-USDT,2026-09-20T04:00:00Z,0.23782993866654384,AVVENT,True,71,0.000127,0.26156,
2026-09-20T08:22:44Z,APT-USDT,2026-09-20T04:00:00Z,0.49053746736457776,KJØP,True,71,0.0001,0.7308,
2026-09-20T08:22:44Z,VVV-USDT,2026-09-20T04:00:00Z,0.40185548563677864,KJØP,True,71,5e-05,27.598,
2026-09-20T08:22:45Z,PUMP-USDT,2026-09-20T04:00:00Z,-0.5276806520188361,SELG,True,71,5e-05,0.003997,
2026-09-20T08:22:45Z,BB-USDT,2026-09-20T04:00:00Z,-0.5495253627869714,SELG,True,71,5e-05,0.008277,
2026-09-20T08:22:45Z,FET-USDT,2026-09-20T04:00:00Z,0.0657118273729996,AVVENT,True,71,0.0001,0.1685,
2026-09-20T08:22:46Z,SYN-USDT,2026-09-20T04:00:00Z,0.4881621862244833,KJØP,True,71,,0.2278,
2026-09-20T08:22:46Z,BCH-USDT,2026-09-20T04:00:00Z,-0.2571575501028225,AVVENT,True,71,0.0001,246.83,
2026-09-20T08:22:46Z,ONE-USDT,2026-09-20T04:00:00Z,0.791501788733407,KJØP,True,71,-0.004045,0.004676,
2026-09-20T08:22:47Z,LSK-USDT,2026-09-20T04:00:00Z,0.21372615634834033,AVVENT,True,71,,0.3871,
2026-09-20T08:22:47Z,XTZ-USDT,2026-09-20T04:00:00Z,0.6991895325158193,KJØP,True,71,5e-05,0.3528,
2026-09-20T08:22:48Z,RENDER-USDT,2026-09-20T04:00:00Z,0.0680725513243072,AVVENT,True,71,5e-05,1.527,
2026-09-20T12:25:35Z,BTC-USDT,2026-09-20T08:00:00Z,0.14735365895010905,AVVENT,True,71,4.2e-05,80390.4,
2026-09-20T12:25:35Z,ETH-USDT,2026-09-20T08:00:00Z,0.25305482360692577,AVVENT,True,71,-6e-06,2575.3,
2026-09-20T12:25:36Z,ZEC-USDT,2026-09-20T08:00:00Z,0.2507789497631923,AVVENT,True,71,0.0001,1451.002,
2026-09-20T12:25:36Z,XMR-USDT,2026-09-20T08:00:00Z,0.17321980912037685,AVVENT,True,71,0.0001,526.79,
2026-09-20T12:25:36Z,XRP-USDT,2026-09-20T08:00:00Z,-0.02429633358431737,AVVENT,True,71,3.7e-05,1.37728,
2026-09-20T12:25:37Z,AVAX-USDT,2026-09-20T08:00:00Z,0.5440185138821004,KJØP,True,71,5.6e-05,10.355,
2026-09-20T12:25:37Z,NEAR-USDT,2026-09-20T08:00:00Z,0.2925681320740266,AVVENT,True,71,0.0001,3.5777,
2026-09-20T12:25:38Z,TAO-USDT,2026-09-20T08:00:00Z,0.2240007290457476,AVVENT,True,71,5e-05,250.69,
2026-09-20T12:25:38Z,DOT-USDT,2026-09-20T08:00:00Z,0.33596109889555203,KJØP,True,71,0.0001,1.1006,
2026-09-20T12:25:38Z,SUI-USDT,2026-09-20T08:00:00Z,0.1370395433492214,AVVENT,True,71,0.0001,0.8228,
2026-09-20T12:25:39Z,UNI-USDT,2026-09-20T08:00:00Z,0.3743756422644794,KJØP,True,71,-4e-05,8.6365,
2026-09-20T12:25:39Z,SOL-USDT,2026-09-20T08:00:00Z,0.2900462410013135,AVVENT,False,71,0.0001,108.33,
2026-09-20T12:25:40Z,AAVE-USDT,2026-09-20T08:00:00Z,0.28770108818121415,AVVENT,False,71,6.5e-05,134.717,
2026-09-20T12:25:40Z,DOGE-USDT,2026-09-20T08:00:00Z,-0.14013418509526362,AVVENT,True,71,0.0001,0.08498,
2026-09-20T12:25:41Z,ARB-USDT,2026-09-20T08:00:00Z,0.3362551748296296,KJØP,True,71,0.0001,0.2115,
2026-09-20T12:25:41Z,LINK-USDT,2026-09-20T08:00:00Z,0.08381639854139801,AVVENT,True,71,7.2e-05,12.0602,
2026-09-20T12:25:41Z,SEI-USDT,2026-09-20T08:00:00Z,-0.01357116846751786,AVVENT,True,71,0.0001,0.04764,
2026-09-20T12:25:42Z,ENA-USDT,2026-09-20T08:00:00Z,0.5304195010758564,KJØP,True,71,5e-05,0.2066,
2026-09-20T12:25:42Z,LTC-USDT,2026-09-20T08:00:00Z,0.45441447527744555,KJØP,True,71,0.0001,57.09,trim
2026-09-20T12:25:43Z,WIF-USDT,2026-09-20T08:00:00Z,-0.17630753730253584,AVVENT,True,71,4e-06,0.1968,
2026-09-20T12:25:43Z,PEPE-USDT,2026-09-20T08:00:00Z,0.34501414706814887,KJØP,True,71,0.0001,3.952e-06,
2026-09-20T12:25:43Z,BNB-USDT,2026-09-20T08:00:00Z,0.2651449638011856,AVVENT,True,71,-4e-06,751.954,
2026-09-20T12:25:44Z,AKE-USDT,2026-09-20T08:00:00Z,0.7567752958200916,KJØP,True,71,-0.001414,0.0512637,
2026-09-20T12:25:44Z,TRUMP-USDT,2026-09-20T08:00:00Z,-0.4274152960765858,SELG,True,71,-7.4e-05,2.024,
2026-09-20T12:25:45Z,SHIB-USDT,2026-09-20T08:00:00Z,0.014742754539310357,AVVENT,True,71,0.0001,5.351e-06,
2026-09-20T12:25:45Z,HYPE-USDT,2026-09-20T08:00:00Z,0.35197526029616943,KJØP,True,71,5e-05,90.999,
2026-09-20T12:25:45Z,KCS-USDT,2026-09-20T08:00:00Z,-0.0765699726913746,AVVENT,True,71,0.0001,7.152,
2026-09-20T12:25:46Z,TRX-USDT,2026-09-20T08:00:00Z,0.03711302478720189,AVVENT,True,71,0.0001,0.3428,
2026-09-20T12:25:46Z,INJ-USDT,2026-09-20T08:00:00Z,0.635953585254269,KJØP,True,71,0.0001,7.716,
2026-09-20T12:25:47Z,ADA-USDT,2026-09-20T08:00:00Z,0.13675764200545795,AVVENT,True,71,0.0001,0.2212,
2026-09-20T12:25:47Z,ONDO-USDT,2026-09-20T08:00:00Z,0.330080884101003,KJØP,True,71,5e-05,0.41031,
2026-09-20T12:25:48Z,XLM-USDT,2026-09-20T08:00:00Z,0.0885462604524131,AVVENT,True,71,0.0001,0.1906,
2026-09-20T12:25:48Z,STRK-USDT,2026-09-20T08:00:00Z,0.6309856638001228,KJØP,True,71,5e-05,0.04529,
2026-09-20T12:25:48Z,FIL-USDT,2026-09-20T08:00:00Z,0.5260849637682949,KJØP,True,71,0.0001,0.9491,trim
2026-09-20T12:25:49Z,B2-USDT,2026-09-20T08:00:00Z,0.02773959867142728,AVVENT,True,71,5e-05,0.4457,
2026-09-20T12:25:49Z,AR-USDT,2026-09-20T08:00:00Z,0.6235262782269139,KJØP,True,71,0.0001,4.298,
2026-09-20T12:25:50Z,DASH-USDT,2026-09-20T08:00:00Z,0.21019842483075965,AVVENT,True,71,0.0001,55.71,
2026-09-20T12:25:50Z,GRAM-USDT,2026-09-20T08:00:00Z,-0.11884461949047455,AVVENT,True,71,5e-05,1.374,
2026-09-20T12:25:50Z,USELESS-USDT,2026-09-20T08:00:00Z,0.22220955418427568,AVVENT,True,71,0.000185,0.25826,
2026-09-20T12:25:51Z,APT-USDT,2026-09-20T08:00:00Z,0.46346733947566326,KJØP,True,71,0.0001,0.7303,trim
2026-09-20T12:25:51Z,VVV-USDT,2026-09-20T08:00:00Z,0.4759685154457357,KJØP,True,71,5e-05,29.049,
2026-09-20T12:25:52Z,PUMP-USDT,2026-09-20T08:00:00Z,-0.4762802768763805,SELG,True,71,5e-05,0.004022,
2026-09-20T12:25:52Z,BB-USDT,2026-09-20T08:00:00Z,-0.6289598076650674,SELG,True,71,5e-05,0.008065,
2026-09-20T12:25:52Z,FET-USDT,2026-09-20T08:00:00Z,0.0958756394853249,AVVENT,True,71,0.0001,0.1696,
2026-09-20T12:25:53Z,SYN-USDT,2026-09-20T08:00:00Z,0.24942986695858407,AVVENT,False,71,,0.2055,
2026-09-20T12:25:53Z,BCH-USDT,2026-09-20T08:00:00Z,-0.2699740649921735,AVVENT,True,71,0.0001,246.66,
2026-09-20T12:25:54Z,ONE-USDT,2026-09-20T08:00:00Z,0.733719926351164,KJØP,True,71,-0.009029,0.004818,
2026-09-20T12:25:54Z,LSK-USDT,2026-09-20T08:00:00Z,0.2103581351134687,AVVENT,True,71,,0.3788,
2026-09-20T12:25:54Z,XTZ-USDT,2026-09-20T08:00:00Z,0.6926303473808723,KJØP,True,71,5e-05,0.3395,
2026-09-20T12:25:55Z,RENDER-USDT,2026-09-20T08:00:00Z,0.016466781067638825,AVVENT,True,71,5e-05,1.526,
2026-09-20T16:21:42Z,BTC-USDT,2026-09-20T12:00:00Z,0.15747773915040392,AVVENT,True,71,6.1e-05,81063.0,
2026-09-20T16:21:42Z,ETH-USDT,2026-09-20T12:00:00Z,0.28763006588065004,AVVENT,True,71,5.2e-05,2616.6,
2026-09-20T16:21:43Z,ZEC-USDT,2026-09-20T12:00:00Z,0.2500172062693854,AVVENT,True,71,0.0001,1445.172,
2026-09-20T16:21:43Z,XMR-USDT,2026-09-20T12:00:00Z,0.31218100289705203,KJØP,False,71,0.0001,542.0,
2026-09-20T16:21:43Z,XRP-USDT,2026-09-20T12:00:00Z,-0.02195859443989659,AVVENT,True,71,5.6e-05,1.39911,
2026-09-20T16:21:44Z,AVAX-USDT,2026-09-20T12:00:00Z,0.5294,KJØP,True,71,4.3e-05,11.279,
2026-09-20T16:21:44Z,NEAR-USDT,2026-09-20T12:00:00Z,0.2985288206396397,AVVENT,True,71,0.0001,4.0584,
2026-09-20T16:21:44Z,TAO-USDT,2026-09-20T12:00:00Z,0.23933184396735838,AVVENT,True,71,5e-05,257.47,
2026-09-20T16:21:45Z,DOT-USDT,2026-09-20T12:00:00Z,0.34939099512643085,KJØP,True,71,0.0001,1.1259,
2026-09-20T16:21:45Z,SUI-USDT,2026-09-20T12:00:00Z,0.20552400526398923,AVVENT,True,71,0.0001,0.852,
2026-09-20T16:21:46Z,UNI-USDT,2026-09-20T12:00:00Z,0.32697922726719103,KJØP,True,71,3.2e-05,8.8275,trim
2026-09-20T16:21:46Z,SOL-USDT,2026-09-20T12:00:00Z,0.27809547297153364,AVVENT,True,71,0.0001,108.92,
2026-09-20T16:21:46Z,AAVE-USDT,2026-09-20T12:00:00Z,0.26413181000495073,AVVENT,True,71,1.8e-05,136.451,
2026-09-20T16:21:47Z,DOGE-USDT,2026-09-20T12:00:00Z,-0.12311820180166136,AVVENT,True,71,9e-05,0.08641,
2026-09-20T16:21:47Z,ARB-USDT,2026-09-20T12:00:00Z,0.25581656531264046,AVVENT,False,71,0.0001,0.2078,
2026-09-20T16:21:48Z,LINK-USDT,2026-09-20T12:00:00Z,0.21189028350717526,AVVENT,True,71,-8e-05,12.355,
2026-09-20T16:21:48Z,SEI-USDT,2026-09-20T12:00:00Z,0.0021218233314659676,AVVENT,True,71,0.0001,0.04842,
2026-09-20T16:21:48Z,ENA-USDT,2026-09-20T12:00:00Z,0.582331469019076,KJØP,True,71,5e-05,0.2124,
2026-09-20T16:21:49Z,LTC-USDT,2026-09-20T12:00:00Z,0.451778645969293,KJØP,True,71,0.0001,57.77,
2026-09-20T16:21:49Z,WIF-USDT,2026-09-20T12:00:00Z,-0.07262112673853438,AVVENT,True,71,-0.000296,0.203,
2026-09-20T16:21:50Z,PEPE-USDT,2026-09-20T12:00:00Z,0.30705748643020536,KJØP,True,71,0.0001,3.968e-06,
2026-09-20T16:21:50Z,BNB-USDT,2026-09-20T12:00:00Z,0.2733405714548747,AVVENT,True,71,6.7e-05,758.574,
2026-09-20T16:21:50Z,AKE-USDT,2026-09-20T12:00:00Z,0.7610173005613439,KJØP,True,71,-0.001618,0.0529932,
2026-09-20T16:21:51Z,TRUMP-USDT,2026-09-20T12:00:00Z,-0.4423070755954895,SELG,True,71,-6e-05,2.044,
2026-09-20T16:21:51Z,SHIB-USDT,2026-09-20T12:00:00Z,0.03375264448896793,AVVENT,True,71,0.0001,5.44e-06,
2026-09-20T16:21:51Z,HYPE-USDT,2026-09-20T12:00:00Z,0.35049505332821085,KJØP,True,71,5e-05,92.524,
2026-09-20T16:21:52Z,KCS-USDT,2026-09-20T12:00:00Z,-0.04769185905225263,AVVENT,True,71,-0.000263,7.134,
2026-09-20T16:21:52Z,TRX-USDT,2026-09-20T12:00:00Z,0.04977573296218683,AVVENT,True,71,-3.2e-05,0.3446,
2026-09-20T16:21:53Z,INJ-USDT,2026-09-20T12:00:00Z,0.6088626022923604,KJØP,True,71,0.0001,8.091,
2026-09-20T16:21:53Z,ADA-USDT,2026-09-20T12:00:00Z,0.18045747070534798,AVVENT,True,71,0.0001,0.2261,
2026-09-20T16:21:54Z,ONDO-USDT,2026-09-20T12:00:00Z,0.32746886429288047,KJØP,True,71,5e-05,0.42524,
2026-09-20T16:21:54Z,XLM-USDT,2026-09-20T12:00:00Z,0.17141306551287697,AVVENT,True,71,0.0001,0.1954,
2026-09-20T16:21:54Z,STRK-USDT,2026-09-20T12:00:00Z,0.610282255365552,KJØP,True,71,5e-05,0.04665,
2026-09-20T16:21:55Z,FIL-USDT,2026-09-20T12:00:00Z,0.4584915615886015,KJØP,True,71,-4.2e-05,0.9402,
2026-09-20T16:21:55Z,B2-USDT,2026-09-20T12:00:00Z,0.02785199449859599,AVVENT,True,71,5e-05,0.4695,
2026-09-20T16:21:56Z,AR-USDT,2026-09-20T12:00:00Z,0.6231127912831311,KJØP,True,71,0.0001,4.563,
2026-09-20T16:21:56Z,DASH-USDT,2026-09-20T12:00:00Z,0.2816260812235745,AVVENT,True,71,-0.000273,55.7,
2026-09-20T16:21:56Z,GRAM-USDT,2026-09-20T12:00:00Z,-0.11611327616602887,AVVENT,True,71,5e-05,1.38,
2026-09-20T16:21:57Z,USELESS-USDT,2026-09-20T12:00:00Z,0.21557845365688683,AVVENT,True,71,0.000187,0.25144,
2026-09-20T16:21:57Z,APT-USDT,2026-09-20T12:00:00Z,0.4208350427594349,KJØP,True,71,0.0001,0.7366,
2026-09-20T16:21:58Z,VVV-USDT,2026-09-20T12:00:00Z,0.532062821680555,KJØP,True,71,5e-05,27.941,
2026-09-20T16:21:58Z,PUMP-USDT,2026-09-20T12:00:00Z,-0.4208618776683144,SELG,True,71,5e-05,0.00413,
2026-09-20T16:21:58Z,BB-USDT,2026-09-20T12:00:00Z,-0.6714304115062723,SELG,True,71,5e-05,0.008108,
2026-09-20T16:21:59Z,FET-USDT,2026-09-20T12:00:00Z,0.1300082445463652,AVVENT,True,71,0.0001,0.1749,
2026-09-20T16:21:59Z,SYN-USDT,2026-09-20T12:00:00Z,0.2498923561519478,AVVENT,True,71,,0.2124,
2026-09-20T16:21:59Z,BCH-USDT,2026-09-20T12:00:00Z,-0.2595474240233624,AVVENT,True,71,0.0001,249.88,
2026-09-20T16:22:00Z,ONE-USDT,2026-09-20T12:00:00Z,0.7892387894873691,KJØP,True,71,-0.008715,0.003931,
2026-09-20T16:22:00Z,LSK-USDT,2026-09-20T12:00:00Z,0.4596989244956637,KJØP,False,71,,0.403,
2026-09-20T16:22:01Z,XTZ-USDT,2026-09-20T12:00:00Z,0.671614386519526,KJØP,True,71,5e-05,0.3509,
2026-09-20T16:22:01Z,RENDER-USDT,2026-09-20T12:00:00Z,0.14664729509716887,AVVENT,True,71,5e-05,1.651,
2026-09-20T20:20:46Z,BTC-USDT,2026-09-20T16:00:00Z,0.16746632799433234,AVVENT,True,71,5.7e-05,81128.1,
2026-09-20T20:20:47Z,ETH-USDT,2026-09-20T16:00:00Z,0.3202426320005664,KJØP,False,71,4.5e-05,2631.85,
2026-09-20T20:20:47Z,ZEC-USDT,2026-09-20T16:00:00Z,0.2754123236041324,AVVENT,True,71,0.0001,1517.858,
2026-09-20T20:20:48Z,XMR-USDT,2026-09-20T16:00:00Z,0.3893824628805719,KJØP,True,71,0.000189,565.03,
2026-09-20T20:20:48Z,XRP-USDT,2026-09-20T16:00:00Z,0.018221796458075458,AVVENT,True,71,0.0001,1.41045,
2026-09-20T20:20:48Z,AVAX-USDT,2026-09-20T16:00:00Z,0.5575962518723339,KJØP,True,71,0.0001,11.309,
2026-09-20T20:20:49Z,NEAR-USDT,2026-09-20T16:00:00Z,0.3943345225202956,KJØP,False,71,0.0001,4.1148,
2026-09-20T20:20:49Z,TAO-USDT,2026-09-20T16:00:00Z,0.33352073643277347,KJØP,False,71,5e-05,264.99,
2026-09-20T20:20:50Z,DOT-USDT,2026-09-20T16:00:00Z,0.4796855011359583,KJØP,True,71,-6.8e-05,1.1564,
2026-09-20T20:20:50Z,SUI-USDT,2026-09-20T16:00:00Z,0.2759068101376894,AVVENT,True,71,0.0001,0.8797,
2026-09-20T20:20:50Z,UNI-USDT,2026-09-20T16:00:00Z,0.3169592787794334,KJØP,True,71,-4e-06,8.6705,
2026-09-20T20:20:51Z,SOL-USDT,2026-09-20T16:00:00Z,0.33703319390083086,KJØP,False,71,0.0001,110.24,
2026-09-20T20:20:51Z,AAVE-USDT,2026-09-20T16:00:00Z,0.28015855579726384,AVVENT,True,71,2.9e-05,137.05,
2026-09-20T20:20:51Z,DOGE-USDT,2026-09-20T16:00:00Z,-0.04447809519606505,AVVENT,True,71,0.0001,0.08726,
2026-09-20T20:20:52Z,ARB-USDT,2026-09-20T16:00:00Z,0.2664796913706109,AVVENT,True,71,0.0001,0.2112,
2026-09-20T20:20:52Z,LINK-USDT,2026-09-20T16:00:00Z,0.2585779841924142,AVVENT,True,71,1.7e-05,12.514,
2026-09-20T20:20:53Z,SEI-USDT,2026-09-20T16:00:00Z,0.19402036250026503,AVVENT,True,71,0.0001,0.05209,
2026-09-20T20:20:53Z,ENA-USDT,2026-09-20T16:00:00Z,0.5551683922243974,KJØP,True,71,5e-05,0.2178,
2026-09-20T20:20:54Z,LTC-USDT,2026-09-20T16:00:00Z,0.49421342858789313,KJØP,True,71,0.0001,58.81,
2026-09-20T20:20:54Z,WIF-USDT,2026-09-20T16:00:00Z,-0.11626504391969827,AVVENT,True,71,3.6e-05,0.2022,
2026-09-20T20:20:55Z,PEPE-USDT,2026-09-20T16:00:00Z,0.30982142224133946,KJØP,True,71,7.6e-05,3.998e-06,
2026-09-20T20:20:55Z,BNB-USDT,2026-09-20T16:00:00Z,0.3546597803965928,KJØP,False,71,0.0001,767.787,
2026-09-20T20:20:55Z,AKE-USDT,2026-09-20T16:00:00Z,0.7159899374064588,KJØP,True,71,-0.000776,0.0629999,
2026-09-20T20:20:56Z,TRUMP-USDT,2026-09-20T16:00:00Z,-0.3871232512732682,SELG,True,71,5e-05,2.072,
2026-09-20T20:20:56Z,SHIB-USDT,2026-09-20T16:00:00Z,0.09780500557588331,AVVENT,True,71,0.0001,5.498e-06,
2026-09-20T20:20:56Z,HYPE-USDT,2026-09-20T16:00:00Z,0.27705920451340216,AVVENT,False,71,5e-05,92.765,
2026-09-20T20:20:57Z,KCS-USDT,2026-09-20T16:00:00Z,-0.11418961516536466,AVVENT,True,71,0.0001,7.12,
2026-09-20T20:20:57Z,TRX-USDT,2026-09-20T16:00:00Z,0.17976476269128833,AVVENT,True,71,-0.000236,0.343,
2026-09-20T20:20:57Z,INJ-USDT,2026-09-20T16:00:00Z,0.6340681495200795,KJØP,True,71,0.0001,7.681,
2026-09-20T20:20:58Z,ADA-USDT,2026-09-20T16:00:00Z,0.23789898573866727,AVVENT,True,71,0.0001,0.2274,
2026-09-20T20:20:58Z,ONDO-USDT,2026-09-20T16:00:00Z,0.36521200650341445,KJØP,True,71,5e-05,0.42798,
2026-09-20T20:20:59Z,XLM-USDT,2026-09-20T16:00:00Z,0.21893465893652012,AVVENT,True,71,0.0001,0.1963,
2026-09-20T20:20:59Z,STRK-USDT,2026-09-20T16:00:00Z,0.5967935790616844,KJØP,True,71,5e-05,0.04936,
2026-09-20T20:21:00Z,FIL-USDT,2026-09-20T16:00:00Z,0.4241900252811917,KJØP,True,71,4.9e-05,0.9476,
2026-09-20T20:21:00Z,B2-USDT,2026-09-20T16:00:00Z,0.1409818874953386,AVVENT,True,71,5e-05,0.502,
2026-09-20T20:21:01Z,AR-USDT,2026-09-20T16:00:00Z,0.5839251479342324,KJØP,True,71,0.0001,4.723,
2026-09-20T20:21:01Z,DASH-USDT,2026-09-20T16:00:00Z,0.28955132398687394,AVVENT,True,71,-0.000173,57.48,
2026-09-20T20:21:01Z,GRAM-USDT,2026-09-20T16:00:00Z,-0.08818914649172516,AVVENT,True,71,5e-05,1.383,
2026-09-20T20:21:02Z,USELESS-USDT,2026-09-20T16:00:00Z,0.20240278774374884,AVVENT,True,71,0.000214,0.2423,
2026-09-20T20:21:02Z,APT-USDT,2026-09-20T16:00:00Z,0.44882862689911085,KJØP,True,71,0.0001,0.7433,
2026-09-20T20:21:03Z,VVV-USDT,2026-09-20T16:00:00Z,0.5102665259770334,KJØP,True,71,5e-05,28.442,
2026-09-20T20:21:03Z,PUMP-USDT,2026-09-20T16:00:00Z,-0.26343421370581266,AVVENT,False,71,5e-05,0.004317,
2026-09-20T20:21:04Z,BB-USDT,2026-09-20T16:00:00Z,-0.6115588723564055,SELG,True,71,5e-05,0.008347,
2026-09-20T20:21:04Z,FET-USDT,2026-09-20T16:00:00Z,0.22943020668169808,AVVENT,True,71,0.0001,0.1762,
2026-09-20T20:21:04Z,SYN-USDT,2026-09-20T16:00:00Z,0.2600129360367118,AVVENT,True,71,,0.2149,
2026-09-20T20:21:05Z,BCH-USDT,2026-09-20T16:00:00Z,-0.21712370358480657,AVVENT,True,71,0.0001,250.99,
2026-09-20T20:21:05Z,ONE-USDT,2026-09-20T16:00:00Z,0.7811514207599883,KJØP,True,71,-0.003821,0.0046,
2026-09-20T20:21:06Z,LSK-USDT,2026-09-20T16:00:00Z,0.3279545507635748,KJØP,True,71,,0.3756,
2026-09-20T20:21:06Z,XTZ-USDT,2026-09-20T16:00:00Z,0.603335769364909,KJØP,True,71,5e-05,0.346,
2026-09-20T20:21:06Z,RENDER-USDT,2026-09-20T16:00:00Z,0.2139075812232217,AVVENT,True,71,5e-05,1.682,
2026-09-21T00:29:23Z,BTC-USDT,2026-09-20T20:00:00Z,0.161887214877115,AVVENT,True,70,6.3e-05,81743.5,
2026-09-21T00:29:23Z,ETH-USDT,2026-09-20T20:00:00Z,0.33809425347389654,KJØP,True,70,6.1e-05,2685.26,
2026-09-21T00:29:24Z,ZEC-USDT,2026-09-20T20:00:00Z,0.29502340050172193,AVVENT,True,70,0.0001,1531.093,
2026-09-21T00:29:24Z,XMR-USDT,2026-09-20T20:00:00Z,0.4097527422751486,KJØP,True,70,0.000243,565.19,
2026-09-21T00:29:25Z,XRP-USDT,2026-09-20T20:00:00Z,0.018138977783655058,AVVENT,True,70,0.0001,1.42704,
2026-09-21T00:29:25Z,AVAX-USDT,2026-09-20T20:00:00Z,0.552655479929676,KJØP,True,70,0.0001,11.726,kjøp
2026-09-21T00:29:25Z,NEAR-USDT,2026-09-20T20:00:00Z,0.4618841813775608,KJØP,True,70,0.0001,4.231,
2026-09-21T00:29:26Z,TAO-USDT,2026-09-20T20:00:00Z,0.3295210017116895,KJØP,True,70,5e-05,266.13,
2026-09-21T00:29:26Z,DOT-USDT,2026-09-20T20:00:00Z,0.4473310696655477,KJØP,True,70,1.8e-05,1.1489,
2026-09-21T00:29:26Z,SUI-USDT,2026-09-20T20:00:00Z,0.33865867901163726,KJØP,False,70,0.0001,0.9375,
2026-09-21T00:29:27Z,UNI-USDT,2026-09-20T20:00:00Z,0.30370003824573416,KJØP,True,70,2.2e-05,8.829,
2026-09-21T00:29:27Z,SOL-USDT,2026-09-20T20:00:00Z,0.3584257097474708,KJØP,True,70,0.0001,112.31,
2026-09-21T00:29:27Z,AAVE-USDT,2026-09-20T20:00:00Z,0.2838893249848109,AVVENT,True,70,4e-05,139.204,
2026-09-21T00:29:28Z,DOGE-USDT,2026-09-20T20:00:00Z,-0.039744417129856054,AVVENT,True,70,0.0001,0.08844,
2026-09-21T00:29:28Z,ARB-USDT,2026-09-20T20:00:00Z,0.30319784175648434,KJØP,False,70,0.0001,0.2204,
2026-09-21T00:29:28Z,LINK-USDT,2026-09-20T20:00:00Z,0.24258339130939718,AVVENT,True,70,0.0001,12.7298,
2026-09-21T00:29:29Z,SEI-USDT,2026-09-20T20:00:00Z,0.24290376167172087,AVVENT,True,70,0.0001,0.05471,
2026-09-21T00:29:29Z,ENA-USDT,2026-09-20T20:00:00Z,0.613658809256882,KJØP,True,70,5e-05,0.2189,kjøp
2026-09-21T00:29:30Z,LTC-USDT,2026-09-20T20:00:00Z,0.4950457220316403,KJØP,True,70,0.0001,59.09,
2026-09-21T00:29:30Z,WIF-USDT,2026-09-20T20:00:00Z,-0.1324775663786112,AVVENT,True,70,5e-05,0.2069,
2026-09-21T00:29:31Z,PEPE-USDT,2026-09-20T20:00:00Z,0.2996316849624796,AVVENT,False,70,3.1e-05,4.063e-06,
2026-09-21T00:29:31Z,BNB-USDT,2026-09-20T20:00:00Z,0.3827970797789604,KJØP,True,70,0.0001,777.803,
2026-09-21T00:29:31Z,AKE-USDT,2026-09-20T20:00:00Z,0.5351689882782431,KJØP,True,70,-0.000737,0.055789,kjøp
2026-09-21T00:29:32Z,TRUMP-USDT,2026-09-20T20:00:00Z,-0.3864660481008572,SELG,True,70,5e-05,2.114,
2026-09-21T00:29:32Z,SHIB-USDT,2026-09-20T20:00:00Z,0.0919941449388281,AVVENT,True,70,0.0001,5.558e-06,
2026-09-21T00:29:33Z,HYPE-USDT,2026-09-20T20:00:00Z,0.282612399229323,AVVENT,True,70,5e-05,94.055,
2026-09-21T00:29:33Z,KCS-USDT,2026-09-20T20:00:00Z,-0.16483603634882904,AVVENT,True,70,0.000697,7.23,
2026-09-21T00:29:33Z,TRX-USDT,2026-09-20T20:00:00Z,0.14686983696071576,AVVENT,True,70,-0.000157,0.3436,
2026-09-21T00:29:34Z,INJ-USDT,2026-09-20T20:00:00Z,0.5803429316613082,KJØP,True,70,0.0001,7.757,
2026-09-21T00:29:34Z,ADA-USDT,2026-09-20T20:00:00Z,0.2428071978174586,AVVENT,True,70,0.0001,0.2316,
2026-09-21T00:29:34Z,ONDO-USDT,2026-09-20T20:00:00Z,0.39907784988166783,KJØP,True,70,5e-05,0.44495,
2026-09-21T00:29:35Z,XLM-USDT,2026-09-20T20:00:00Z,0.2550602804507216,AVVENT,True,70,0.0001,0.2001,
2026-09-21T00:29:35Z,STRK-USDT,2026-09-20T20:00:00Z,0.6084415390622941,KJØP,True,70,5e-05,0.04876,
2026-09-21T00:29:35Z,FIL-USDT,2026-09-20T20:00:00Z,0.38423015093364743,KJØP,True,70,7.2e-05,0.9594,trim
2026-09-21T00:29:36Z,B2-USDT,2026-09-20T20:00:00Z,0.14025275889678063,AVVENT,True,70,5e-05,0.5066,
2026-09-21T00:29:36Z,AR-USDT,2026-09-20T20:00:00Z,0.5781326489064134,KJØP,True,70,0.0001,4.881,
2026-09-21T00:29:37Z,DASH-USDT,2026-09-20T20:00:00Z,0.293905043074315,AVVENT,True,70,-0.000114,58.28,
2026-09-21T00:29:37Z,GRAM-USDT,2026-09-20T20:00:00Z,-0.0924479156585373,AVVENT,True,70,5e-05,1.391,
2026-09-21T00:29:37Z,USELESS-USDT,2026-09-20T20:00:00Z,0.2200168218479517,AVVENT,True,70,9.7e-05,0.24355,
2026-09-21T00:29:38Z,APT-USDT,2026-09-20T20:00:00Z,0.4394312895130959,KJØP,True,70,6.8e-05,0.7558,
2026-09-21T00:29:38Z,VVV-USDT,2026-09-20T20:00:00Z,0.548167494555791,KJØP,True,70,5e-05,29.582,
2026-09-21T00:29:38Z,PUMP-USDT,2026-09-20T20:00:00Z,-0.24117550269107182,AVVENT,True,70,5e-05,0.004308,
2026-09-21T00:29:39Z,BB-USDT,2026-09-20T20:00:00Z,-0.5947705240561333,SELG,True,70,5e-05,0.008486,
2026-09-21T00:29:39Z,FET-USDT,2026-09-20T20:00:00Z,0.22602674261536368,AVVENT,True,70,0.0001,0.1778,
2026-09-21T00:29:39Z,SYN-USDT,2026-09-20T20:00:00Z,0.2603830962296442,AVVENT,True,70,,0.2209,
2026-09-21T00:29:40Z,BCH-USDT,2026-09-20T20:00:00Z,-0.185712354311606,AVVENT,True,70,0.0001,257.57,
2026-09-21T00:29:40Z,ONE-USDT,2026-09-20T20:00:00Z,0.7947882693392399,KJØP,True,70,-0.007888,0.005746,kjøp
2026-09-21T00:29:40Z,LSK-USDT,2026-09-20T20:00:00Z,0.23941234829166877,AVVENT,False,70,,0.3726,
2026-09-21T00:29:41Z,XTZ-USDT,2026-09-20T20:00:00Z,0.5566584756731406,KJØP,True,70,5e-05,0.3503,kjøp
2026-09-21T00:29:41Z,RENDER-USDT,2026-09-20T20:00:00Z,0.28184173859779493,AVVENT,True,70,5e-05,1.754,
2026-09-21T02:22:32Z,VVV-USDT,2026-09-20T20:00:00Z,0.5482,KJØP,False,70,5e-05,31.382,take-profit
2026-09-21T02:22:34Z,ONE-USDT,2026-09-20T20:00:00Z,0.7948,KJØP,False,70,-0.00887,0.004901,stop-loss
2026-09-21T03:23:10Z,NEAR-USDT,2026-09-20T20:00:00Z,0.4619,KJØP,False,70,0.0001,4.3403,take-profit
2026-09-21T04:23:08Z,BTC-USDT,2026-09-21T00:00:00Z,0.16767791565885218,AVVENT,True,70,9.3e-05,81295.0,
2026-09-21T04:23:09Z,ETH-USDT,2026-09-21T00:00:00Z,0.3677391726166128,KJØP,True,70,0.0001,2659.29,
2026-09-21T04:23:09Z,ZEC-USDT,2026-09-21T00:00:00Z,0.32869860742694823,KJØP,False,70,0.0001,1511.649,
2026-09-21T04:23:09Z,XMR-USDT,2026-09-21T00:00:00Z,0.501833917797572,KJØP,True,70,0.000133,572.75,kjøp
2026-09-21T04:23:10Z,XRP-USDT,2026-09-21T00:00:00Z,0.05527542982045394,AVVENT,True,70,0.0001,1.41741,
2026-09-21T04:23:10Z,AVAX-USDT,2026-09-21T00:00:00Z,0.5590233773784264,KJØP,True,70,0.0001,11.324,
2026-09-21T04:23:10Z,NEAR-USDT,2026-09-21T00:00:00Z,0.5221571589852361,KJØP,True,70,0.0001,4.352,kjøp
2026-09-21T04:23:11Z,TAO-USDT,2026-09-21T00:00:00Z,0.3672632967706272,KJØP,True,70,5e-05,264.74,
2026-09-21T04:23:11Z,DOT-USDT,2026-09-21T00:00:00Z,0.5043812206637888,KJØP,True,70,-4.2e-05,1.1486,kjøp
2026-09-21T04:23:11Z,SUI-USDT,2026-09-21T00:00:00Z,0.332339992010519,KJØP,True,70,0.0001,0.944,
2026-09-21T04:23:12Z,UNI-USDT,2026-09-21T00:00:00Z,0.28982456362802744,AVVENT,False,70,0.0001,8.6936,
2026-09-21T04:23:12Z,SOL-USDT,2026-09-21T00:00:00Z,0.37467413042974596,KJØP,True,70,0.0001,111.35,
2026-09-21T04:23:12Z,AAVE-USDT,2026-09-21T00:00:00Z,0.31637836429146904,KJØP,False,70,6.5e-05,138.497,
2026-09-21T04:23:12Z,DOGE-USDT,2026-09-21T00:00:00Z,0.03072588118713729,AVVENT,True,70,0.0001,0.08804,
2026-09-21T04:23:13Z,ARB-USDT,2026-09-21T00:00:00Z,0.35492164185161423,KJØP,True,70,0.0001,0.2181,
2026-09-21T04:23:13Z,LINK-USDT,2026-09-21T00:00:00Z,0.30826681829545,KJØP,False,70,0.0001,12.6124,
2026-09-21T04:23:13Z,SEI-USDT,2026-09-21T00:00:00Z,0.30618915463011165,KJØP,False,70,0.0001,0.05566,
2026-09-21T04:23:14Z,ENA-USDT,2026-09-21T00:00:00Z,0.6898850860173387,KJØP,True,70,5e-05,0.2127,
2026-09-21T04:23:14Z,LTC-USDT,2026-09-21T00:00:00Z,0.5032517101774667,KJØP,True,70,0.0001,58.67,
2026-09-21T04:23:14Z,WIF-USDT,2026-09-21T00:00:00Z,-0.09174843849923182,AVVENT,True,70,5e-05,0.2025,
2026-09-21T04:23:15Z,PEPE-USDT,2026-09-21T00:00:00Z,0.3043918629308192,KJØP,False,70,-2.7e-05,3.999e-06,
2026-09-21T04:23:15Z,BNB-USDT,2026-09-21T00:00:00Z,0.4213256138066098,KJØP,True,70,0.0001,774.888,
2026-09-21T04:23:15Z,AKE-USDT,2026-09-21T00:00:00Z,0.3232231295910595,KJØP,True,70,-0.000254,0.0467409,stop-loss
2026-09-21T04:23:16Z,TRUMP-USDT,2026-09-21T00:00:00Z,-0.33022616853343656,SELG,True,70,5e-05,2.089,
2026-09-21T04:23:16Z,SHIB-USDT,2026-09-21T00:00:00Z,0.15580945418119654,AVVENT,True,70,0.0001,5.521e-06,
2026-09-21T04:23:16Z,HYPE-USDT,2026-09-21T00:00:00Z,0.3015555933868957,KJØP,False,70,4.7e-05,93.525,
2026-09-21T04:23:17Z,KCS-USDT,2026-09-21T00:00:00Z,-0.04988564988682369,AVVENT,True,70,0.000125,7.214,
2026-09-21T04:23:17Z,TRX-USDT,2026-09-21T00:00:00Z,0.13264019846826222,AVVENT,True,70,-5.4e-05,0.3431,
2026-09-21T04:23:17Z,INJ-USDT,2026-09-21T00:00:00Z,0.5191075206242578,KJØP,True,70,0.0001,7.64,
2026-09-21T04:23:17Z,ADA-USDT,2026-09-21T00:00:00Z,0.3116260146178652,KJØP,False,70,0.0001,0.231,
2026-09-21T04:23:18Z,ONDO-USDT,2026-09-21T00:00:00Z,0.3974688947506803,KJØP,True,70,5e-05,0.42686,
2026-09-21T04:23:18Z,XLM-USDT,2026-09-21T00:00:00Z,0.28678208377787473,AVVENT,True,70,0.0001,0.1976,
2026-09-21T04:23:18Z,STRK-USDT,2026-09-21T00:00:00Z,0.5707145476382471,KJØP,True,70,5e-05,0.04903,
2026-09-21T04:23:19Z,FIL-USDT,2026-09-21T00:00:00Z,0.41344159922973667,KJØP,True,70,-6.9e-05,0.9468,
2026-09-21T04:23:19Z,B2-USDT,2026-09-21T00:00:00Z,0.1650300650382763,AVVENT,True,70,5e-05,0.4986,
2026-09-21T04:23:19Z,AR-USDT,2026-09-21T00:00:00Z,0.5708043320384675,KJØP,True,70,0.0001,4.767,
2026-09-21T04:23:20Z,DASH-USDT,2026-09-21T00:00:00Z,0.3283897875932111,KJØP,False,70,-0.000229,56.88,
2026-09-21T04:23:20Z,GRAM-USDT,2026-09-21T00:00:00Z,-0.09196223068166243,AVVENT,True,70,5e-05,1.395,
2026-09-21T04:23:20Z,USELESS-USDT,2026-09-21T00:00:00Z,0.23479642070434897,AVVENT,True,70,9.6e-05,0.24624,
2026-09-21T04:23:21Z,APT-USDT,2026-09-21T00:00:00Z,0.4414603514731512,KJØP,True,70,0.0001,0.7407,
2026-09-21T04:23:21Z,VVV-USDT,2026-09-21T00:00:00Z,0.5889083109405209,KJØP,True,70,5e-05,32.305,kjøp
2026-09-21T04:23:21Z,PUMP-USDT,2026-09-21T00:00:00Z,-0.039756641751941386,AVVENT,True,70,5e-05,0.004371,
2026-09-21T04:23:22Z,BB-USDT,2026-09-21T00:00:00Z,-0.5101111339174291,SELG,True,70,5e-05,0.008481,
2026-09-21T04:23:22Z,FET-USDT,2026-09-21T00:00:00Z,0.3555053125704296,KJØP,False,70,0.0001,0.1792,
2026-09-21T04:23:22Z,SYN-USDT,2026-09-21T00:00:00Z,0.2566629867605339,AVVENT,True,70,,0.2205,
2026-09-21T04:23:23Z,BCH-USDT,2026-09-21T00:00:00Z,-0.13079401004708963,AVVENT,True,70,0.0001,254.04,
2026-09-21T04:23:23Z,ONE-USDT,2026-09-21T00:00:00Z,0.7835959004825623,KJØP,True,70,-0.010363,0.005044,kjøp
2026-09-21T04:23:23Z,LSK-USDT,2026-09-21T00:00:00Z,0.2336703865725148,AVVENT,True,70,,0.3732,
2026-09-21T04:23:23Z,XTZ-USDT,2026-09-21T00:00:00Z,0.49205095763234485,KJØP,True,70,5e-05,0.3448,
2026-09-21T04:23:24Z,RENDER-USDT,2026-09-21T00:00:00Z,0.3374917316940495,KJØP,False,70,5e-05,1.717,
2026-09-21T08:24:20Z,BTC-USDT,2026-09-21T04:00:00Z,0.11595138923767802,AVVENT,True,70,8.7e-05,82140.7,
2026-09-21T08:24:21Z,ETH-USDT,2026-09-21T04:00:00Z,0.3550644774657682,KJØP,True,70,0.0001,2675.8,
2026-09-21T08:24:21Z,ZEC-USDT,2026-09-21T04:00:00Z,0.3068978655183604,KJØP,True,70,0.0001,1506.134,
2026-09-21T08:24:22Z,XMR-USDT,2026-09-21T04:00:00Z,0.4715847387991162,KJØP,True,70,0.00083,587.57,
2026-09-21T08:24:22Z,XRP-USDT,2026-09-21T04:00:00Z,0.10767115471671554,AVVENT,True,70,0.0001,1.44949,
2026-09-21T08:24:22Z,AVAX-USDT,2026-09-21T04:00:00Z,0.6296717189798559,KJØP,True,70,4.5e-05,11.003,
2026-09-21T08:24:23Z,NEAR-USDT,2026-09-21T04:00:00Z,0.585014702165041,KJØP,True,70,0.0001,4.3493,
2026-09-21T08:24:23Z,TAO-USDT,2026-09-21T04:00:00Z,0.413261710092877,KJØP,True,70,5e-05,277.72,
2026-09-21T08:24:23Z,DOT-USDT,2026-09-21T04:00:00Z,0.5099229439528588,KJØP,True,70,-1e-06,1.1617,
2026-09-21T08:24:24Z,SUI-USDT,2026-09-21T04:00:00Z,0.3782410790264321,KJØP,True,70,0.0001,0.9668,
2026-09-21T08:24:24Z,UNI-USDT,2026-09-21T04:00:00Z,0.2740909189663263,AVVENT,True,70,0.0001,8.7197,
2026-09-21T08:24:24Z,SOL-USDT,2026-09-21T04:00:00Z,0.3929675200323822,KJØP,True,70,0.0001,113.27,
2026-09-21T08:24:25Z,AAVE-USDT,2026-09-21T04:00:00Z,0.32954728598359123,KJØP,True,70,1.3e-05,139.717,trim
2026-09-21T08:24:25Z,DOGE-USDT,2026-09-21T04:00:00Z,0.10978888647740467,AVVENT,True,70,0.0001,0.0912,
2026-09-21T08:24:25Z,ARB-USDT,2026-09-21T04:00:00Z,0.3076397385592856,KJØP,True,70,0.0001,0.2148,
2026-09-21T08:24:26Z,LINK-USDT,2026-09-21T04:00:00Z,0.257298851808628,AVVENT,False,70,0.0001,12.6487,
2026-09-21T08:24:26Z,SEI-USDT,2026-09-21T04:00:00Z,0.30519866475639124,KJØP,True,70,0.0001,0.05712,kjøp
2026-09-21T08:24:27Z,ENA-USDT,2026-09-21T04:00:00Z,0.5761533975070524,KJØP,True,70,5e-05,0.2164,
2026-09-21T08:24:27Z,LTC-USDT,2026-09-21T04:00:00Z,0.47754427527473675,KJØP,True,70,0.0001,58.62,
2026-09-21T08:24:27Z,WIF-USDT,2026-09-21T04:00:00Z,-0.11597141680560355,AVVENT,True,70,5e-05,0.2049,
2026-09-21T08:24:28Z,PEPE-USDT,2026-09-21T04:00:00Z,0.2763787734527211,AVVENT,False,70,0.0001,4.062e-06,
2026-09-21T08:24:28Z,BNB-USDT,2026-09-21T04:00:00Z,0.35730774760380435,KJØP,True,70,0.0001,773.378,
2026-09-21T08:24:28Z,AKE-USDT,2026-09-21T04:00:00Z,0.2861592159595634,AVVENT,False,70,-0.000215,0.0390807,
2026-09-21T08:24:29Z,TRUMP-USDT,2026-09-21T04:00:00Z,-0.3500364602756413,SELG,True,70,5e-05,2.1,
2026-09-21T08:24:29Z,SHIB-USDT,2026-09-21T04:00:00Z,0.18077085708682036,AVVENT,True,70,0.0001,5.629e-06,
2026-09-21T08:24:29Z,HYPE-USDT,2026-09-21T04:00:00Z,0.2955553778727073,AVVENT,False,70,5e-05,94.469,
2026-09-21T08:24:30Z,KCS-USDT,2026-09-21T04:00:00Z,-0.04645627540013124,AVVENT,True,70,0.000219,7.27,
2026-09-21T08:24:30Z,TRX-USDT,2026-09-21T04:00:00Z,0.13248676398526454,AVVENT,True,70,-9.2e-05,0.3433,
2026-09-21T08:24:30Z,INJ-USDT,2026-09-21T04:00:00Z,0.459996858853957,KJØP,True,70,0.0001,7.725,
2026-09-21T08:24:31Z,ADA-USDT,2026-09-21T04:00:00Z,0.32680323554284996,KJØP,True,70,0.0001,0.233,
2026-09-21T08:24:31Z,ONDO-USDT,2026-09-21T04:00:00Z,0.4088962458563178,KJØP,True,70,5e-05,0.43517,
2026-09-21T08:24:31Z,XLM-USDT,2026-09-21T04:00:00Z,0.32945155163993345,KJØP,False,70,0.0001,0.2007,
2026-09-21T08:24:32Z,STRK-USDT,2026-09-21T04:00:00Z,0.570977237834117,KJØP,True,70,5e-05,0.04825,
2026-09-21T08:24:32Z,FIL-USDT,2026-09-21T04:00:00Z,0.4140961558851378,KJØP,True,70,5e-06,0.9691,
2026-09-21T08:24:32Z,B2-USDT,2026-09-21T04:00:00Z,0.186148957153579,AVVENT,True,70,5e-05,0.5246,
2026-09-21T08:24:33Z,AR-USDT,2026-09-21T04:00:00Z,0.5510748591916074,KJØP,True,70,0.0001,4.978,
2026-09-21T08:24:33Z,DASH-USDT,2026-09-21T04:00:00Z,0.3385355630577722,KJØP,True,70,-0.000148,57.55,
2026-09-21T08:24:34Z,GRAM-USDT,2026-09-21T04:00:00Z,-0.011291066038494207,AVVENT,True,70,4.3e-05,1.408,
2026-09-21T08:24:34Z,USELESS-USDT,2026-09-21T04:00:00Z,0.21294700121215426,AVVENT,True,70,0.000185,0.24379,
2026-09-21T08:24:34Z,APT-USDT,2026-09-21T04:00:00Z,0.486862638830746,KJØP,True,70,0.0001,0.7632,
2026-09-21T08:24:35Z,VVV-USDT,2026-09-21T04:00:00Z,0.5936181692456748,KJØP,True,70,5e-05,34.324,
2026-09-21T08:24:35Z,PUMP-USDT,2026-09-21T04:00:00Z,-0.01937799157874954,AVVENT,True,70,5e-05,0.004443,
2026-09-21T08:24:35Z,BB-USDT,2026-09-21T04:00:00Z,-0.4819457346637853,SELG,True,70,5e-05,0.008616,
2026-09-21T08:24:36Z,FET-USDT,2026-09-21T04:00:00Z,0.4067252140082799,KJØP,True,70,0.0001,0.1839,kjøp
2026-09-21T08:24:36Z,SYN-USDT,2026-09-21T04:00:00Z,0.260828363161569,AVVENT,True,70,,0.2206,
2026-09-21T08:24:36Z,BCH-USDT,2026-09-21T04:00:00Z,-0.12719837712649038,AVVENT,True,70,0.0001,256.49,
2026-09-21T08:24:37Z,ONE-USDT,2026-09-21T04:00:00Z,0.7886688112884412,KJØP,True,70,-0.002045,0.005084,
2026-09-21T08:24:37Z,LSK-USDT,2026-09-21T04:00:00Z,0.2228040092599178,AVVENT,True,70,,0.3728,
2026-09-21T08:24:37Z,XTZ-USDT,2026-09-21T04:00:00Z,0.40364831650412664,KJØP,True,70,5e-05,0.343,trim
2026-09-21T08:24:38Z,RENDER-USDT,2026-09-21T04:00:00Z,0.36822277577989765,KJØP,True,70,5e-05,1.776,kjøp
2026-09-21T12:25:50Z,BTC-USDT,2026-09-21T08:00:00Z,0.17464053254639444,AVVENT,True,70,0.0001,85204.8,
2026-09-21T12:25:50Z,ETH-USDT,2026-09-21T08:00:00Z,0.33747989374185705,KJØP,True,70,0.0001,2724.78,
2026-09-21T12:25:50Z,ZEC-USDT,2026-09-21T08:00:00Z,0.40023428893424917,KJØP,True,70,0.0001,1538.716,
2026-09-21T12:25:51Z,XMR-USDT,2026-09-21T08:00:00Z,0.4413741567121585,KJØP,True,70,0.000937,572.65,
2026-09-21T12:25:51Z,XRP-USDT,2026-09-21T08:00:00Z,0.18262491457423638,AVVENT,True,70,0.0001,1.48937,
2026-09-21T12:25:51Z,AVAX-USDT,2026-09-21T08:00:00Z,0.6119114244692836,KJØP,True,70,2.6e-05,11.388,
2026-09-21T12:25:52Z,NEAR-USDT,2026-09-21T08:00:00Z,0.5736868217518851,KJØP,True,70,0.0001,4.1874,
2026-09-21T12:25:52Z,TAO-USDT,2026-09-21T08:00:00Z,0.40538343464617355,KJØP,True,70,5e-05,284.85,
2026-09-21T12:25:52Z,DOT-USDT,2026-09-21T08:00:00Z,0.5363276638464112,KJØP,True,70,0.0001,1.1847,
2026-09-21T12:25:53Z,SUI-USDT,2026-09-21T08:00:00Z,0.37006541672056226,KJØP,True,70,0.0001,1.0262,
2026-09-21T12:25:53Z,UNI-USDT,2026-09-21T08:00:00Z,0.30140218023475684,KJØP,False,70,0.0001,8.8926,
2026-09-21T12:25:53Z,SOL-USDT,2026-09-21T08:00:00Z,0.35217393592718826,KJØP,True,70,0.0001,116.43,
2026-09-21T12:25:54Z,AAVE-USDT,2026-09-21T08:00:00Z,0.34759540773525094,KJØP,True,70,3.6e-05,146.724,
2026-09-21T12:25:54Z,DOGE-USDT,2026-09-21T08:00:00Z,0.20847983758478575,AVVENT,True,70,0.0001,0.09351,
2026-09-21T12:25:54Z,ARB-USDT,2026-09-21T08:00:00Z,0.40333795223988966,KJØP,True,70,0.0001,0.2315,
2026-09-21T12:25:55Z,LINK-USDT,2026-09-21T08:00:00Z,0.31240843592194434,KJØP,False,70,0.0001,13.0771,
2026-09-21T12:25:55Z,SEI-USDT,2026-09-21T08:00:00Z,0.30415669280654145,KJØP,True,70,0.0001,0.06209,
2026-09-21T12:25:55Z,ENA-USDT,2026-09-21T08:00:00Z,0.544814349956179,KJØP,True,70,5e-05,0.2219,
2026-09-21T12:25:56Z,LTC-USDT,2026-09-21T08:00:00Z,0.527373676106239,KJØP,True,70,0.0001,60.93,
2026-09-21T12:25:56Z,WIF-USDT,2026-09-21T08:00:00Z,0.2051526770346476,AVVENT,True,70,-5.1e-05,0.2218,
2026-09-21T12:25:56Z,PEPE-USDT,2026-09-21T08:00:00Z,0.26889612691438447,AVVENT,True,70,0.0001,4.22e-06,
2026-09-21T12:25:57Z,BNB-USDT,2026-09-21T08:00:00Z,0.4050366193233076,KJØP,True,70,0.0001,789.557,
2026-09-21T12:25:57Z,AKE-USDT,2026-09-21T08:00:00Z,0.2964208970582933,AVVENT,True,70,-0.00014,0.0470766,
2026-09-21T12:25:57Z,TRUMP-USDT,2026-09-21T08:00:00Z,-0.18223092713015407,AVVENT,False,70,5e-05,2.175,
2026-09-21T12:25:58Z,SHIB-USDT,2026-09-21T08:00:00Z,0.3044479103634925,KJØP,False,70,0.0001,5.738e-06,
2026-09-21T12:25:58Z,HYPE-USDT,2026-09-21T08:00:00Z,0.31057812754874836,KJØP,False,70,-2.3e-05,95.838,
2026-09-21T12:25:58Z,KCS-USDT,2026-09-21T08:00:00Z,-0.06586710728526146,AVVENT,True,70,0.000564,7.282,
2026-09-21T12:25:59Z,TRX-USDT,2026-09-21T08:00:00Z,0.12829442180535716,AVVENT,True,70,3e-05,0.3444,
2026-09-21T12:25:59Z,INJ-USDT,2026-09-21T08:00:00Z,0.45986460543067054,KJØP,True,70,0.0001,7.85,
2026-09-21T12:25:59Z,ADA-USDT,2026-09-21T08:00:00Z,0.31365767613919693,KJØP,True,70,0.0001,0.2448,trim
2026-09-21T12:26:00Z,ONDO-USDT,2026-09-21T08:00:00Z,0.38417652293674437,KJØP,True,70,5e-05,0.45663,
2026-09-21T12:26:00Z,XLM-USDT,2026-09-21T08:00:00Z,0.3981907554728421,KJØP,True,70,0.0001,0.2117,
2026-09-21T12:26:00Z,STRK-USDT,2026-09-21T08:00:00Z,0.4682705822961244,KJØP,True,70,5e-05,0.04645,trim
2026-09-21T12:26:01Z,FIL-USDT,2026-09-21T08:00:00Z,0.457232887680189,KJØP,True,70,1e-06,0.9887,
2026-09-21T12:26:01Z,B2-USDT,2026-09-21T08:00:00Z,0.22988781611088663,AVVENT,True,70,5e-05,0.5052,
2026-09-21T12:26:01Z,AR-USDT,2026-09-21T08:00:00Z,0.5441854001136174,KJØP,True,70,0.0001,4.691,
2026-09-21T12:26:02Z,DASH-USDT,2026-09-21T08:00:00Z,0.49130281114433866,KJØP,True,70,-0.000418,59.71,kjøp
2026-09-21T12:26:02Z,GRAM-USDT,2026-09-21T08:00:00Z,0.05169446498087985,AVVENT,True,70,5e-05,1.423,
2026-09-21T12:26:02Z,USELESS-USDT,2026-09-21T08:00:00Z,0.35100087422670595,KJØP,False,70,5e-05,0.27625,
2026-09-21T12:26:03Z,APT-USDT,2026-09-21T08:00:00Z,0.5139138978854464,KJØP,True,70,4.5e-05,0.7768,
2026-09-21T12:26:03Z,VVV-USDT,2026-09-21T08:00:00Z,0.6101722177782704,KJØP,True,70,5e-05,33.014,
2026-09-21T12:26:03Z,PUMP-USDT,2026-09-21T08:00:00Z,0.03346245453635568,AVVENT,True,70,5e-05,0.004387,
2026-09-21T12:26:04Z,BB-USDT,2026-09-21T08:00:00Z,-0.3045358127543933,SELG,True,70,5e-05,0.009083,
2026-09-21T12:26:04Z,FET-USDT,2026-09-21T08:00:00Z,0.47959813932778284,KJØP,True,70,0.0001,0.1951,
2026-09-21T12:26:04Z,SYN-USDT,2026-09-21T08:00:00Z,0.26629083727998204,AVVENT,True,70,,0.2233,
2026-09-21T12:26:05Z,BCH-USDT,2026-09-21T08:00:00Z,-0.01639311781355223,AVVENT,True,70,0.0001,271.73,
2026-09-21T12:26:05Z,ONE-USDT,2026-09-21T08:00:00Z,0.7969488251523349,KJØP,True,70,-0.008315,0.005454,
2026-09-21T12:26:05Z,LSK-USDT,2026-09-21T08:00:00Z,0.369122947511737,KJØP,False,70,,0.4036,
2026-09-21T12:26:06Z,XTZ-USDT,2026-09-21T08:00:00Z,0.38455706261476585,KJØP,True,70,5e-05,0.3469,
2026-09-21T12:26:06Z,RENDER-USDT,2026-09-21T08:00:00Z,0.38458879957028047,KJØP,True,70,5e-05,1.787,
2026-09-21T13:22:10Z,SUI-USDT,2026-09-21T08:00:00Z,0.3701,KJØP,False,70,0.0001,1.0515,take-profit
2026-09-21T16:22:42Z,BTC-USDT,2026-09-21T12:00:00Z,0.2525785790558868,AVVENT,True,70,1.2e-05,85869.7,
2026-09-21T16:22:42Z,ETH-USDT,2026-09-21T12:00:00Z,0.3437982829827875,KJØP,True,70,0.0001,2760.94,
2026-09-21T16:22:43Z,ZEC-USDT,2026-09-21T12:00:00Z,0.3524613618396215,KJØP,True,70,0.0001,1500.551,
2026-09-21T16:22:43Z,XMR-USDT,2026-09-21T12:00:00Z,0.4468207739401101,KJØP,True,70,0.00051,571.16,
2026-09-21T16:22:43Z,XRP-USDT,2026-09-21T12:00:00Z,0.21878266423729484,AVVENT,True,70,0.0001,1.4983,
2026-09-21T16:22:44Z,AVAX-USDT,2026-09-21T12:00:00Z,0.6042519256329756,KJØP,True,70,0.0001,11.071,
2026-09-21T16:22:44Z,NEAR-USDT,2026-09-21T12:00:00Z,0.5448837572481402,KJØP,True,70,0.0001,4.0708,
2026-09-21T16:22:44Z,TAO-USDT,2026-09-21T12:00:00Z,0.44907153473585626,KJØP,True,70,5e-05,289.05,
2026-09-21T16:22:45Z,DOT-USDT,2026-09-21T12:00:00Z,0.5547461839599914,KJØP,True,70,0.0001,1.198,
2026-09-21T16:22:45Z,SUI-USDT,2026-09-21T12:00:00Z,0.3905640723349104,KJØP,True,70,0.0001,1.0358,kjøp
2026-09-21T16:22:45Z,UNI-USDT,2026-09-21T12:00:00Z,0.29733906053484394,AVVENT,False,70,0.0001,8.9616,
2026-09-21T16:22:46Z,SOL-USDT,2026-09-21T12:00:00Z,0.38824657756706943,KJØP,True,70,9.1e-05,117.98,
2026-09-21T16:22:46Z,AAVE-USDT,2026-09-21T12:00:00Z,0.4140418904371419,KJØP,True,70,0.0001,143.042,
2026-09-21T16:22:46Z,DOGE-USDT,2026-09-21T12:00:00Z,0.276082546618886,AVVENT,True,70,0.0001,0.0968,
2026-09-21T16:22:47Z,ARB-USDT,2026-09-21T12:00:00Z,0.4612598336470154,KJØP,True,70,0.0001,0.2312,
2026-09-21T16:22:47Z,LINK-USDT,2026-09-21T12:00:00Z,0.395688393014474,KJØP,True,70,0.0001,13.0306,
2026-09-21T16:22:47Z,SEI-USDT,2026-09-21T12:00:00Z,0.40646562102040384,KJØP,True,70,0.0001,0.05977,
2026-09-21T16:22:47Z,ENA-USDT,2026-09-21T12:00:00Z,0.5556797796796996,KJØP,True,70,5e-05,0.2138,
2026-09-21T16:22:48Z,LTC-USDT,2026-09-21T12:00:00Z,0.47611464652848123,KJØP,True,70,0.0001,63.04,
2026-09-21T16:22:48Z,WIF-USDT,2026-09-21T12:00:00Z,0.29973638713654094,AVVENT,True,70,2.8e-05,0.2422,
2026-09-21T16:22:48Z,PEPE-USDT,2026-09-21T12:00:00Z,0.3696216083608649,KJØP,False,70,0.0001,4.909e-06,
2026-09-21T16:22:49Z,BNB-USDT,2026-09-21T12:00:00Z,0.4112636232904797,KJØP,True,70,0.0001,802.117,
2026-09-21T16:22:49Z,AKE-USDT,2026-09-21T12:00:00Z,0.24406200588931382,AVVENT,True,70,0.000154,0.0589282,
2026-09-21T16:22:49Z,TRUMP-USDT,2026-09-21T12:00:00Z,-0.1328420345278671,AVVENT,True,70,5e-05,2.167,
2026-09-21T16:22:50Z,SHIB-USDT,2026-09-21T12:00:00Z,0.3003661232029877,KJØP,True,70,0.0001,5.927e-06,kjøp
2026-09-21T16:22:50Z,HYPE-USDT,2026-09-21T12:00:00Z,0.3751545024507102,KJØP,True,70,5e-05,92.943,
2026-09-21T16:22:50Z,KCS-USDT,2026-09-21T12:00:00Z,-0.01632081116984246,AVVENT,True,70,0.000184,7.284,
2026-09-21T16:22:51Z,TRX-USDT,2026-09-21T12:00:00Z,0.050337969060881935,AVVENT,True,70,0.0001,0.3451,
2026-09-21T16:22:51Z,INJ-USDT,2026-09-21T12:00:00Z,0.3937254446059235,KJØP,True,70,0.0001,7.838,trim
2026-09-21T16:22:51Z,ADA-USDT,2026-09-21T12:00:00Z,0.34582161336129125,KJØP,True,70,0.0001,0.2448,
2026-09-21T16:22:52Z,ONDO-USDT,2026-09-21T12:00:00Z,0.4787533602723487,KJØP,True,70,5e-05,0.4488,
2026-09-21T16:22:52Z,XLM-USDT,2026-09-21T12:00:00Z,0.4488505815487249,KJØP,True,70,0.0001,0.2102,
2026-09-21T16:22:52Z,STRK-USDT,2026-09-21T12:00:00Z,0.26028734033437617,AVVENT,False,70,5e-05,0.04366,
2026-09-21T16:22:53Z,FIL-USDT,2026-09-21T12:00:00Z,0.44483672631751175,KJØP,True,70,1.3e-05,0.9737,
2026-09-21T16:22:53Z,B2-USDT,2026-09-21T12:00:00Z,0.19817725600796235,AVVENT,True,70,0.000168,0.4885,
2026-09-21T16:22:53Z,AR-USDT,2026-09-21T12:00:00Z,0.47514707676625634,KJØP,True,70,0.0001,4.598,
2026-09-21T16:22:54Z,DASH-USDT,2026-09-21T12:00:00Z,0.5267196906750808,KJØP,True,70,-0.000256,60.18,
2026-09-21T16:22:54Z,GRAM-USDT,2026-09-21T12:00:00Z,0.024669772620102316,AVVENT,True,70,5e-05,1.437,
2026-09-21T16:22:54Z,USELESS-USDT,2026-09-21T12:00:00Z,0.4842491004469657,KJØP,True,70,5e-05,0.29723,kjøp
2026-09-21T16:22:55Z,APT-USDT,2026-09-21T12:00:00Z,0.5049699229345285,KJØP,True,70,5.3e-05,0.7815,
2026-09-21T16:22:55Z,VVV-USDT,2026-09-21T12:00:00Z,0.6851658719917785,KJØP,True,70,5e-05,31.161,kjøp
2026-09-21T16:22:55Z,PUMP-USDT,2026-09-21T12:00:00Z,-0.00544607177406824,AVVENT,True,70,5e-05,0.004399,
2026-09-21T16:22:56Z,BB-USDT,2026-09-21T12:00:00Z,-0.20892272360126796,AVVENT,False,70,5e-05,0.009079,
2026-09-21T16:22:56Z,FET-USDT,2026-09-21T12:00:00Z,0.5536713105883412,KJØP,True,70,0.0001,0.2057,
2026-09-21T16:22:56Z,SYN-USDT,2026-09-21T12:00:00Z,0.26664751359483585,AVVENT,True,70,,0.2329,
2026-09-21T16:22:56Z,BCH-USDT,2026-09-21T12:00:00Z,0.06086469682411523,AVVENT,True,70,7.3e-05,264.96,
2026-09-21T16:22:57Z,ONE-USDT,2026-09-21T12:00:00Z,0.6799208414443635,KJØP,True,70,0.000199,0.005967,trim
2026-09-21T16:22:57Z,LSK-USDT,2026-09-21T12:00:00Z,0.3521478353534857,KJØP,True,70,,0.3736,
2026-09-21T16:22:57Z,XTZ-USDT,2026-09-21T12:00:00Z,0.33913114577147957,KJØP,True,70,5e-05,0.3452,
2026-09-21T16:22:58Z,RENDER-USDT,2026-09-21T12:00:00Z,0.39456269048689147,KJØP,True,70,5e-05,1.807,
2026-09-21T18:24:43Z,NEAR-USDT,2026-09-21T12:00:00Z,0.5449,KJØP,False,70,0.0001,3.9797,stop-loss
