tid,mynt,score,beslutning,bekreftet,ta,nyheter,onchain,fg,funding,pris,handling
2026-09-30T23:21:53Z,BTC-EUR,0.3984,KJØP,False,0.5549,0.0557,-0.074,71,7.9e-05,73934.0,
2026-09-30T23:21:53Z,ETH-EUR,0.4369,KJØP,False,0.5499,0.0557,-0.074,71,2.4e-05,2376.0,
2026-09-30T23:21:54Z,XRP-EUR,0.4322,KJØP,False,0.5513,0.0557,-0.074,71,5.3e-05,1.31596,
2026-09-30T23:21:54Z,SOL-EUR,0.629,KJØP,False,0.7676,0.0557,-0.074,71,-6.6e-05,104.395,
2026-09-30T23:21:55Z,BNB-EUR,0.2946,AVVENT,False,0.3892,0.0557,-0.074,71,9.3e-05,679.94,
2026-09-30T23:21:55Z,DOGE-EUR,0.4944,KJØP,False,0.6407,0.0557,-0.074,71,0.0001,0.08361,
2026-09-30T23:21:56Z,ADA-EUR,0.6517,KJØP,False,0.8145,0.0557,-0.074,71,8e-06,0.21864,
2026-09-30T23:21:56Z,LINK-EUR,0.7208,KJØP,False,0.9121,0.0557,-0.074,71,5.3e-05,12.7138,
2026-09-30T23:21:56Z,AVAX-EUR,0.638,KJØP,False,0.8203,0.0557,-0.074,71,0.0001,9.7062,
2026-09-30T23:21:57Z,DOT-EUR,0.5296,KJØP,False,0.6848,0.0557,-0.074,71,0.0001,1.0806,
2026-09-30T23:21:57Z,LTC-EUR,0.7109,KJØP,False,0.9114,0.0557,-0.074,71,0.0001,59.111,
2026-09-30T23:21:58Z,UNI-EUR,0.3976,KJØP,False,0.5197,0.0557,-0.074,71,0.0001,7.8499,
2026-09-30T23:21:58Z,CAKE-EUR,0.4292,KJØP,False,0.5468,0.0557,-0.074,71,5e-05,2.2968,
