tid,mynt,score,beslutning,bekreftet,ta,fg,funding,pris,handling
2026-10-01T23:23:48Z,BTC-EUR,0.4039,KJØP,False,0.5204,74,-4.8e-05,75348.0,
2026-10-01T23:23:49Z,ETH-EUR,0.4239,KJØP,False,0.5404,74,1.6e-05,2401.91,
2026-10-01T23:23:49Z,XRP-EUR,0.3743,KJØP,False,0.4993,74,0.0001,1.32679,
2026-10-01T23:23:49Z,SOL-EUR,0.5537,KJØP,False,0.6939,74,-1.9e-05,105.234,
2026-10-01T23:23:50Z,BNB-EUR,0.3233,KJØP,False,0.4356,74,0.0001,684.93,
2026-10-01T23:23:50Z,DOGE-EUR,0.4731,KJØP,False,0.6228,74,0.0001,0.083763,
2026-10-01T23:23:51Z,ADA-EUR,0.5839,KJØP,False,0.747,74,4.3e-05,0.21865,
2026-10-01T23:23:51Z,LINK-EUR,0.7064,KJØP,False,0.9035,74,5.6e-05,12.7282,
2026-10-01T23:23:52Z,AVAX-EUR,0.6675,KJØP,False,0.8658,74,0.0001,9.7455,
2026-10-01T23:23:52Z,DOT-EUR,0.5097,KJØP,False,0.6685,74,0.0001,1.0428,
2026-10-01T23:23:53Z,LTC-EUR,0.6497,KJØP,False,0.8436,74,0.0001,60.599,
2026-10-01T23:23:53Z,UNI-EUR,0.2896,AVVENT,False,0.3934,74,0.0001,7.986,
2026-10-01T23:23:54Z,CAKE-EUR,0.3723,KJØP,False,0.4843,74,5e-05,2.2738,
2026-10-02T06:32:58Z,BTC-EUR,0.4556,KJØP,True,0.6214,72,7e-05,76411.0,
2026-10-02T06:32:58Z,ETH-EUR,0.4583,KJØP,True,0.5975,72,8.6e-05,2425.8,
2026-10-02T06:32:58Z,XRP-EUR,0.3865,KJØP,True,0.5112,72,0.0001,1.3549,
2026-10-02T06:32:59Z,SOL-EUR,0.5031,KJØP,True,0.657,72,0.0001,108.31,
2026-10-02T06:32:59Z,BNB-EUR,0.3595,KJØP,True,0.4775,72,0.0001,690.43,
2026-10-02T06:33:00Z,DOGE-EUR,0.4573,KJØP,True,0.5997,72,0.0001,0.085469,
2026-10-02T06:33:00Z,ADA-EUR,0.5358,KJØP,True,0.6979,72,0.0001,0.22667,
2026-10-02T06:33:00Z,LINK-EUR,0.7024,KJØP,True,0.9061,72,0.0001,12.8371,
2026-10-02T06:33:01Z,AVAX-EUR,0.6162,KJØP,True,0.7984,72,0.0001,9.8416,kjøp
2026-10-02T06:33:02Z,DOT-EUR,0.4416,KJØP,True,0.5801,72,0.0001,1.0796,
2026-10-02T06:33:03Z,LTC-EUR,0.5976,KJØP,True,0.7751,72,0.0001,62.182,kjøp
2026-10-02T06:33:03Z,UNI-EUR,0.2953,AVVENT,True,0.3973,72,0.0001,8.1658,
2026-10-02T06:33:04Z,CAKE-EUR,0.312,KJØP,True,0.4056,72,5e-05,2.3271,
