tid,mynt,side,mengde,pris,belop,gebyr,grunn,kostpris,avkastning_pst,gevinst,dager
2026-10-01T00:33:25Z,XRP-EUR,KJØP,7.6180089602,1.31209,10.0206,0.0251,signal +0.33,,,,
2026-10-01T00:33:26Z,BTC-EUR,KJØP,0.0001370191,73626.0,10.1135,0.0253,signal +0.34,,,,
2026-10-01T00:33:26Z,SOL-EUR,KJØP,0.1202804096,104.048,12.5463,0.0314,signal +0.42,,,,
2026-10-01T00:33:27Z,ADA-EUR,KJØP,59.161859926,0.21693,12.8661,0.0322,signal +0.43,,,,
2026-10-01T00:33:27Z,TAO-EUR,KJØP,0.0408699275,265.44,10.8757,0.0272,signal +0.36,,,,
2026-10-01T00:33:28Z,QNT-EUR,KJØP,0.0456428454,255.395,11.6862,0.0292,signal +0.39,,,,
2026-10-01T00:33:28Z,SUI-EUR,KJØP,10.2260501241,1.02448,10.5026,0.0263,signal +0.35,,,,
2026-10-01T00:33:29Z,WLD-EUR,KJØP,34.8916477844,0.47518,16.6214,0.0416,signal +0.55,,,,
2026-10-01T00:33:29Z,NEAR-EUR,KJØP,3.779812057,4.6846,17.7513,0.0444,signal +0.59,,,,
2026-10-01T00:33:29Z,ETH-EUR,KJØP,0.0046935402,2366.39,11.1346,0.0278,signal +0.37,,,,
2026-10-01T00:33:30Z,HYPE-EUR,KJØP,0.1866148976,79.638,14.8989,0.0372,signal +0.50,,,,
2026-10-01T00:33:30Z,FET-EUR,KJØP,55.1364962859,0.20097,11.1086,0.0278,signal +0.37,,,,
2026-10-01T00:33:32Z,PHA-EUR,KJØP,304.2905807912,0.067551,20.6066,0.0515,signal +0.69,,,,
2026-10-01T00:33:32Z,AVAX-EUR,KJØP,1.176055301,9.5777,11.2921,0.0282,signal +0.38,,,,
2026-10-01T00:33:32Z,PUMP-EUR,KJØP,2868.9983378385,0.0051415,14.7879,0.037,signal +0.49,,,,
2026-10-01T00:33:34Z,SAGA-EUR,KJØP,876.510080825,0.022014,19.3439,0.0484,signal +0.64,,,,
2026-10-01T00:33:35Z,ENA-EUR,KJØP,58.7862837532,0.23427,13.8064,0.0345,signal +0.46,,,,
2026-10-01T00:33:35Z,RENDER-EUR,KJØP,6.5300410616,1.684,11.0241,0.0276,signal +0.37,,,,
2026-10-01T00:33:36Z,PEPE-EUR,KJØP,3925811.6570471553,3.7744e-06,14.8547,0.0371,signal +0.50,,,,
2026-10-01T00:33:36Z,XLM-EUR,KJØP,65.0662579084,0.19893,12.9761,0.0324,signal +0.43,,,,
2026-10-01T00:33:37Z,USELESS-EUR,KJØP,65.6886115869,0.208629,13.7389,0.0343,signal +0.46,,,,
2026-10-01T00:33:37Z,DOGE-EUR,KJØP,150.5466190247,0.083243,12.5634,0.0314,signal +0.42,,,,
2026-10-01T00:33:38Z,GRASS-EUR,KJØP,16.981290185,0.61965,10.5488,0.0264,signal +0.35,,,,
2026-10-01T00:33:38Z,DOT-EUR,KJØP,13.4927529002,1.0732,14.5167,0.0363,signal +0.48,,,,
2026-10-01T00:33:39Z,FIL-EUR,KJØP,10.8944983542,0.92255,10.0759,0.0252,signal +0.34,,,,
2026-10-01T00:33:41Z,UNI-EUR,KJØP,1.6328398047,7.813,12.7894,0.032,signal +0.43,,,,
2026-10-01T00:33:41Z,AVNT-EUR,KJØP,131.0981668235,0.11286,14.8328,0.0371,signal +0.49,,,,
2026-10-01T00:33:41Z,ARB-EUR,KJØP,70.8373308324,0.17867,12.6882,0.0317,signal +0.42,,,,
2026-10-01T00:33:42Z,NIL-EUR,KJØP,248.3069202623,0.076128,18.9505,0.0474,signal +0.63,,,,
2026-10-01T00:33:43Z,BCH-EUR,KJØP,0.0433135711,270.01,11.7244,0.0293,signal +0.39,,,,
2026-10-01T16:24:59Z,NEAR-EUR,SELG,1.1596625332,4.3587,5.0546,0.0126,signal svekket +0.38,4.6846,-7.189,-0.3906,0.66
2026-10-01T16:25:02Z,PUMP-EUR,SELG,1071.9646145986,0.0049771,5.3353,0.0133,signal svekket +0.30,0.0051415,-3.44,-0.1896,0.66
