tid,egenkapital,kontanter
2026-09-30T22:37:08Z,1000.0,1000.0
2026-09-30T23:23:14Z,1000.0,1000.0
2026-10-01T00:34:34Z,999.4984,799.3767
2026-10-01T01:26:23Z,1000.3299,799.3767
2026-10-01T02:24:43Z,998.7311,799.3767
2026-10-01T03:26:23Z,1000.4579,799.3767
2026-10-01T04:26:48Z,1001.0716,799.3767
2026-10-01T05:25:34Z,1002.016,799.3767
2026-10-01T06:32:59Z,1002.6533,799.3767
2026-10-01T07:28:24Z,999.4045,799.3767
2026-10-01T08:28:54Z,999.237,799.3767
2026-10-01T09:27:19Z,999.9425,799.3767
2026-10-01T10:27:03Z,997.7528,799.3767
2026-10-01T11:25:43Z,998.0807,799.3767
2026-10-01T12:32:49Z,998.6471,799.3767
2026-10-01T13:30:29Z,996.3565,799.3767
2026-10-01T14:28:48Z,996.8954,799.3767
2026-10-01T15:27:46Z,996.0924,799.3767
2026-10-01T16:25:56Z,996.1534,799.3767
2026-10-01T17:26:11Z,997.3956,799.3767
2026-10-01T18:30:38Z,998.3035,799.3767
2026-10-01T19:25:43Z,997.0876,799.3767
2026-10-01T20:26:40Z,998.1033,799.3767
2026-10-01T21:24:59Z,997.0922,799.3767
2026-10-01T22:23:24Z,996.7335,799.3767
2026-10-01T23:22:10Z,996.8046,799.3767
2026-10-02T00:32:46Z,997.1835,598.2809
2026-10-02T01:25:09Z,995.9259,598.2809
2026-10-02T02:23:46Z,998.6957,598.2809
2026-10-02T03:26:03Z,998.941,598.2809
2026-10-02T04:25:58Z,1003.1708,598.2809
2026-10-02T05:24:18Z,1005.3338,598.2809
2026-10-02T06:30:32Z,1004.858,598.2809
2026-10-02T07:27:33Z,1002.8017,598.2809
2026-10-02T08:27:59Z,1006.2976,608.1643
2026-10-02T09:27:17Z,1004.8505,608.1643
2026-10-02T10:25:17Z,1003.9804,608.1643
2026-10-02T11:24:28Z,1005.131,608.1643
2026-10-02T12:31:23Z,1006.1528,608.1643
2026-10-02T13:27:49Z,1007.2858,608.1643
2026-10-02T14:27:48Z,1006.4539,608.1643
2026-10-02T15:28:10Z,1003.0535,608.1643
2026-10-02T16:26:15Z,1004.8939,608.1643
2026-10-02T17:25:42Z,1000.9318,608.1643
2026-10-02T18:29:36Z,993.297,608.1643
2026-10-02T19:25:44Z,984.9905,608.1643
2026-10-02T20:24:05Z,986.3553,608.1643
2026-10-02T21:24:54Z,987.5459,608.1643
2026-10-02T22:24:06Z,988.1886,608.1643
2026-10-02T23:21:20Z,990.597,608.1643
2026-10-03T00:31:14Z,994.4268,445.081
2026-10-03T01:23:50Z,996.7934,445.081
2026-10-03T02:26:09Z,996.7098,445.081
2026-10-03T03:29:18Z,996.4676,445.081
2026-10-03T04:25:35Z,993.3364,433.5547
2026-10-03T05:33:27Z,995.3229,433.5547
2026-10-03T06:31:51Z,993.9126,433.5547
2026-10-03T07:26:03Z,993.298,433.5547
2026-10-03T08:25:52Z,991.4381,428.384
2026-10-03T09:25:54Z,992.1522,428.384
2026-10-03T10:23:45Z,996.7107,428.384
2026-10-03T14:33:03Z,1000.6211,423.043
2026-10-03T19:04:18Z,1001.794,412.5467
2026-10-04T02:35:20Z,1003.6129,412.5467
2026-10-04T05:17:25Z,1007.2683,388.605
2026-10-04T12:27:22Z,1006.5153,388.605
2026-10-04T18:23:19Z,1009.7452,388.605
2026-10-04T21:26:15Z,1010.8926,388.605
2026-10-04T22:24:24Z,1013.3712,388.605
2026-10-04T23:23:10Z,1014.4313,388.605
2026-10-05T00:34:57Z,1013.5071,388.605
2026-10-05T01:25:54Z,1016.9577,388.605
2026-10-05T02:25:51Z,1019.712,388.605
2026-10-05T03:28:03Z,1018.5358,388.605
2026-10-05T04:28:23Z,1017.2087,382.2488
2026-10-05T05:29:40Z,1014.1519,382.2488
2026-10-05T06:36:32Z,1017.2982,382.2488
2026-10-05T07:29:15Z,1019.8832,382.2488
2026-10-05T08:30:22Z,1020.9009,387.3825
2026-10-05T09:30:46Z,1017.1439,387.3825
2026-10-05T10:28:25Z,1018.6593,387.3825
2026-10-05T11:26:42Z,1018.3179,387.3825
2026-10-05T12:33:02Z,1016.5536,387.3825
2026-10-05T13:31:53Z,1015.2035,387.3825
2026-10-05T14:31:41Z,1015.4377,387.3825
2026-10-05T15:29:22Z,1010.2429,387.3825
2026-10-05T16:28:03Z,1007.1622,384.9609
2026-10-05T17:25:41Z,1010.7119,384.9609
2026-10-05T18:31:45Z,1012.567,384.9609
2026-10-05T21:33:15Z,1019.9985,390.273
2026-10-05T22:24:28Z,1019.607,390.273
2026-10-05T23:23:01Z,1017.8359,390.273
2026-10-06T00:35:36Z,1018.524,385.172
2026-10-06T01:26:06Z,1014.4526,385.172
2026-10-06T02:25:03Z,1012.0283,385.172
2026-10-06T03:25:23Z,1009.6573,385.172
2026-10-06T04:26:50Z,1009.1986,385.172
2026-10-06T05:25:33Z,1010.3127,385.172
2026-10-06T06:31:28Z,1006.5339,385.172
2026-10-06T07:27:37Z,1007.6522,385.172
2026-10-06T08:27:46Z,1011.5029,391.857
2026-10-06T09:27:44Z,1009.4933,391.857
2026-10-06T10:26:30Z,1011.1871,391.857
2026-10-06T11:25:26Z,1010.765,391.857
2026-10-06T12:31:36Z,1009.6186,396.9307
2026-10-06T13:28:17Z,1010.2684,396.9307
2026-10-06T14:28:37Z,1008.9388,396.9307
2026-10-06T15:26:54Z,1011.0334,396.9307
2026-10-06T16:28:39Z,1007.4889,403.1921
2026-10-06T17:24:10Z,1003.1593,403.1921
2026-10-06T18:28:05Z,1004.4647,403.1921
2026-10-06T19:24:23Z,1002.6039,403.1921
2026-10-06T20:26:34Z,1004.2193,403.1921
2026-10-06T21:24:41Z,1002.116,403.1921
2026-10-06T22:25:08Z,1002.5094,403.1921
2026-10-06T23:24:09Z,1002.6246,403.1921
2026-10-07T00:36:36Z,1002.0915,408.2473
2026-10-07T01:26:24Z,1001.581,408.2473
2026-10-07T08:35:51Z,987.6919,408.2473
2026-10-07T16:24:59Z,978.9953,412.2723
2026-10-07T21:58:37Z,975.4739,412.2723
2026-10-08T01:53:58Z,983.4258,412.2723
2026-10-08T08:53:41Z,978.9254,418.0181
2026-10-08T16:26:42Z,952.7566,477.9135
2026-10-08T22:03:29Z,959.288,486.5185
2026-10-09T02:06:56Z,961.7354,486.5185
2026-10-09T09:01:50Z,970.9209,486.5185
2026-10-09T16:09:36Z,969.42,486.5185
2026-10-09T21:40:02Z,965.8897,467.9862
2026-10-10T01:45:25Z,973.34,456.0571
